-- MySQL dump 10.16  Distrib 10.1.10-MariaDB, for Win32 (AMD64)
--
-- Host: localhost    Database: ramram
-- ------------------------------------------------------
-- Server version	10.1.10-MariaDB

/*!40101 SET @OLD_CHARACTER_SET_CLIENT=@@CHARACTER_SET_CLIENT */;
/*!40101 SET @OLD_CHARACTER_SET_RESULTS=@@CHARACTER_SET_RESULTS */;
/*!40101 SET @OLD_COLLATION_CONNECTION=@@COLLATION_CONNECTION */;
/*!40101 SET NAMES utf8 */;
/*!40103 SET @OLD_TIME_ZONE=@@TIME_ZONE */;
/*!40103 SET TIME_ZONE='+00:00' */;
/*!40014 SET @OLD_UNIQUE_CHECKS=@@UNIQUE_CHECKS, UNIQUE_CHECKS=0 */;
/*!40014 SET @OLD_FOREIGN_KEY_CHECKS=@@FOREIGN_KEY_CHECKS, FOREIGN_KEY_CHECKS=0 */;
/*!40101 SET @OLD_SQL_MODE=@@SQL_MODE, SQL_MODE='NO_AUTO_VALUE_ON_ZERO' */;
/*!40111 SET @OLD_SQL_NOTES=@@SQL_NOTES, SQL_NOTES=0 */;

--
-- Table structure for table `access_tokens`
--

DROP TABLE IF EXISTS `access_tokens`;
/*!40101 SET @saved_cs_client     = @@character_set_client */;
/*!40101 SET character_set_client = utf8 */;
CREATE TABLE `access_tokens` (
  `id` int(10) unsigned NOT NULL AUTO_INCREMENT,
  `api_token` varchar(255) COLLATE utf8_unicode_ci NOT NULL,
  `expired_date` datetime NOT NULL,
  `refresh_token` varchar(255) COLLATE utf8_unicode_ci NOT NULL,
  `refresh_token_expired_date` datetime NOT NULL,
  `user_id` int(11) NOT NULL,
  `api_client_id` varchar(255) COLLATE utf8_unicode_ci NOT NULL,
  `valid` tinyint(1) NOT NULL DEFAULT '1',
  `created_at` datetime NOT NULL,
  `updated_at` datetime NOT NULL,
  PRIMARY KEY (`id`)
) ENGINE=InnoDB AUTO_INCREMENT=189 DEFAULT CHARSET=utf8 COLLATE=utf8_unicode_ci;
/*!40101 SET character_set_client = @saved_cs_client */;

--
-- Dumping data for table `access_tokens`
--

LOCK TABLES `access_tokens` WRITE;
/*!40000 ALTER TABLE `access_tokens` DISABLE KEYS */;
INSERT INTO `access_tokens` VALUES (159,'EyOlYItOU3grxZAsjdgqabggFAiVoKACPMgEXsjPBaJQsNuXMEt7kHlvZTcAkuzjdvFt8KzjzfO','2016-11-30 03:40:36','E98YKprFMcploLFWfS2lG53Xq8zWRB7wZcThZBShEN4o2cDKvIdsBUALSL1J2r4YxDsMV1AqMkn','2016-11-25 04:39:36',3,'1',0,'2016-11-25 03:39:36','2016-11-25 05:12:43'),(160,'e6hczQVAwou8q7kBMOb4HWX0om79ygbL9sgZv1nDJNGVDGxRWL2LtoO91KeYazjclW1ko26tMo7','2016-11-25 05:22:28','RLrd3zcsQwVxZI0gFzjTu2kQ2vh3yQ2P3d4e0LpMow9J3XzF67cSwAC66nk0iLtxGQGTIKB4Xc1','2016-11-25 06:12:43',3,'1',0,'2016-11-25 05:12:43','2016-11-25 05:21:59'),(161,'5I07LOC9rZwTPhcWESCZKNF51Y3phrxT4MouLCocJBPu3vKlV9oKJiwcsoG4LgzwJnwZQeemjrk','2016-11-25 06:15:38','fFsmVS2T4c68WKOaC1Dt89EjC91D8RPM15iQ6Vqdxr3cyYolJALTy9BPnNh7A135dJXxhaXR7Lh','2016-11-25 06:21:59',3,'1',0,'2016-11-25 05:21:59','2016-11-25 06:22:33'),(162,'uaewItdnxzjbaNLkSGbG8kgap7QPPnzBFIWuRXyYRI1t6QFrJtOCQGHRg93v0Z5uHpcfkwMCDD4','2016-11-25 06:57:17','NGLtHcoXZDKGpLWVBUt6tb87COkUu0ooDrW0EbwWNyxaxKgILsnztYUXSO8g23YdV4LB95wllWj','2016-11-25 07:22:33',3,'1',0,'2016-11-25 06:22:33','2016-11-28 02:25:15'),(163,'FpbGpufNBVeGK9bQNv516Gy8rJZ5F36IeYesCQw1ljLmUS9MY9cTTQFu5TlgIXAcREgsI01tOej','2016-11-28 03:25:17','zcLw7KZnui9gWaT10VhbMSLRKhnncaPgI7AoCmaaRNEswp8SEs4ENwHrNEUJxd2TZmUv6FXZC1F','2016-11-28 03:25:15',3,'1',0,'2016-11-28 02:25:15','2016-11-28 03:25:33'),(164,'T8JJOycJinp435lOR9ZXTFsa9BBH7B9ban8Pc9D1p9XFhVDIzSKs4EaLb2XFcfZ09PMZcJIKbm2','2016-11-28 04:03:00','jrdOic0ZvFyb2aIShIoq1NrKWEFetXfmbIosFCl6Fu2CFhhiSUeK4opOScijnwYxYY1m6t9rk1p','2016-11-28 04:25:33',3,'1',0,'2016-11-28 03:25:33','2016-11-28 05:10:07'),(165,'rttVXc3OHfh8kKCvBJZlqTECdQQZBqrxcbibSPTalVcVQRgsL8Dahp939hv9LLCsL9d1vZCgU7G','2016-11-28 05:59:16','3i3CSFvxibgq0FVqIfbEg6Y9QxX4oWQotrHycetakmE4cxulX60Z98EBjyNIc1YP0WXNkyj2VtG','2016-11-28 06:10:07',3,'1',0,'2016-11-28 05:10:07','2016-11-28 06:26:46'),(166,'9Qbt3F8lAqg06PypiObV8NMhcOI6ycmJmhmmPjR47REpQ9VG4SjCzIcLKisz4PEt7TS5pMPmKPV','2016-11-28 07:23:32','LfJryg630ohtMNbWIpsNZgYGxakbDPRiCYK528ThbJGI2PO00qYEpNBniBO5LnYSX7oqzNcO5DT','2016-11-28 07:26:46',3,'1',0,'2016-11-28 06:26:46','2016-11-28 07:28:14'),(167,'GlfPigxw3Uj3ibRxrkZUmjiAL5v0duU9BHVpOBHd9hhW6moK9x1TRdHXbbkPMugS3ItUSXJ4qsA','2016-11-28 07:43:33','1fRK44nIjsNjS89cGgBxmH8GMmunvegeAgI5yNO3acjsqJgGGGiBpLOYYQKKXa1fMVxz3obQybl','2016-11-28 08:28:14',3,'1',0,'2016-11-28 07:28:14','2016-11-28 07:43:07'),(168,'skKvu2cfvuUO92lYiXfUHT1T8uK6aizhhbJz7swfCOnT7AE5CM5KWyDZPwEf7dIB0rO0TKOOrOo','2016-11-28 08:02:46','x7qgH9rHDBapaeyYR9OlXu0YZOt14Mm5ydO7TbuKg56bx6PyXp5NEhcKgx2tdzlh2ffxuoIGyxz','2016-11-28 08:43:07',3,'1',0,'2016-11-28 07:43:07','2016-11-29 01:32:39'),(169,'XcmkzHxtlqF3Pp6dhtVQHj3dDShoySuVrwB1G0fEFTLvdCayjMKEREZWAIv16aRs8JrcwXf4Rrx','2016-11-29 02:02:55','qjRBPKW5LYJuDJBg9DXO0vWQoIbTD3Ze4durGLONegI7xYX2HuvhiquQNVk342ozNL7DMsGxzQl','2016-11-29 02:32:39',3,'1',0,'2016-11-29 01:32:39','2016-11-29 02:03:22'),(170,'rFFX3EOS3NQxbGgmbMFDrApEwXyaP5RdytWpVYBCiYiD4GiKU3mIIxfphRssBMDoocohchsMpPW','2016-11-29 02:24:52','FGGSZZa0LYcrTV8Vfscsn4Ltke0ox0sBfyIfue1JSramHFIXKyDsEMA0q78VTYa8WYqGstA9Hoe','2016-11-29 03:03:22',3,'1',0,'2016-11-29 02:03:22','2016-11-29 02:24:10'),(171,'jaCT8xt2dhmDkIq1j2pQjsLVwkC74mRUgSwLCBk2GtpASLK3T1oryFLr4RHVRgUDJoGFwQAP0mf','2016-11-29 02:28:40','mpSKFUUz6omY39niTzbGh0j64QEGdHiXP5qZWg0SVP3eCscujc7gYtRVmaTOSmqRUoWrQQ1jdgU','2016-11-29 03:24:10',3,'1',0,'2016-11-29 02:24:10','2016-12-01 01:34:37'),(172,'zFaKu07XfhOtkGR05T2RIqMXdoXYGY8gT0hfz3TH4JbZtBRRTK0KRUvrNJjjMZLpsj2VVVEik8w','2016-12-01 02:01:19','YDxh3jtpiNQx7qltboT0fTkzhtyCNQ9ev8QIPHO7meth86ekyxk82XaLywTIAbUxNVsShIVR57D','2016-12-01 02:34:38',3,'1',0,'2016-12-01 01:34:38','2016-12-21 09:24:20'),(173,'FSJrqvLAWIWCWdX2N08dtJol7uYfJK7Mg1uckenjvkfOAaeBexcRrfP4BcRrnaCDIfJYNHrjRjs','2016-12-06 07:34:07','0uDHuPvSlI0qy2K3Ku5AqWkC1VFP2bW0b0xor5XEXhWii1odFG5M49xFiwHzTejvPaUsoMb4eIs','2016-12-06 08:33:07',1,'1',0,'2016-12-06 07:33:07','2016-12-06 07:37:38'),(174,'8aGvWm3EpbdrCQ5Geej0uUyH1F4XJ2DXzcKff9RMe0RbTX0cdlEs4PdKviPycJzNMrjDiEjYf5x','2016-12-06 07:38:38','XSpaSbrqSRd7fj8Lxe6ZGTpAh9ODdKe6zzlm3ANqAuKJKjseYNuioCAK8HOyhfZzL8WABHIgTJg','2016-12-06 08:37:38',1,'1',0,'2016-12-06 07:37:38','2016-12-07 01:25:53'),(175,'NJ4Lh0NbW5zKM9Kp1B9iQsBEdWMPG5kjdL30OxRJL2jKmXnGffFCervTsem8mh2sV7khIAESlaN','2016-12-07 01:26:53','kZymxQiak18U9Gde3KQdfGqmlFp48oT71lIOWgZSPmdaIY5f6mP0pqJN9DJAsTSAkagBlxieySm','2016-12-07 02:25:53',1,'1',0,'2016-12-07 01:25:53','2016-12-07 05:45:59'),(176,'e2cDyxHfV3VezMtth6tNwKjnMyD3qJ8nyOpBZEEoNRrk58bZ1oElMiN9Su3PUTIXzWvhu37t1GY','2016-12-07 05:56:53','Y6HWqitPp6YauibiopmHSasnu5SBYozM0tcpfmfDCOmeP4egBOtQ2pZKTGHy2CRHpK69oX829FC','2016-12-07 06:45:59',1,'1',0,'2016-12-07 05:45:59','2016-12-07 05:57:00'),(177,'Elt8KuWhF2wsc9TgQeZhdxFZSctPloDY4MdDNHWetH1IOBOGs5mzXcIc3a0vhEnKImkiPdpFbxa','2016-12-07 06:00:20','yLwXwYGg8fmsF36T0EpKIPZNVbQr1gEVAK5k9TmNOzJ80eXWvU93oO72x2fier8WrJSR6aDskka','2016-12-07 06:57:00',1,'1',0,'2016-12-07 05:57:00','2016-12-07 05:59:53'),(178,'TRY93xMqgPNrAYbyuXBQJ64k5yHtJIZe4XOV1GZHMYQHMPFL85YNJ3zXRFP4NDV9hPJJJkZrZ0F','2016-12-07 06:00:53','A7OF8StVsn6YH3mNWUktfAgaQvmOvOJri7YjLIkYInZUHlpv2A9E4vq3BkXIChpgVOz7e4HeXOB','2016-12-07 06:59:53',1,'1',0,'2016-12-07 05:59:53','2016-12-07 06:13:53'),(179,'xk4FtuQdVLFfCeTjUF7cwNk8IVfk3pWQjD7mQahkRfVBvSrrIaBfo4WuBjCDL4pbfNfYECyCtf8','2016-12-07 06:14:53','WLmqFr4IXKKRF26Vv0K8LGUr17haWbXvsifxeaxVjIw0qNHKGQOFyCevELI9yz5jDBQ2FMd0m3Z','2016-12-07 07:13:53',1,'1',0,'2016-12-07 06:13:53','2016-12-07 06:14:34'),(180,'90LyE9WRCPk6ghZoEmYglhclFAi2eSrorRDXWGwztN8OE75fyvs7bdZQa97wdZeSltfg7G0hEGO','2016-12-07 06:15:34','WxUSLkPChbaHxshx12uoanLjjCKJpNkn8QGoYsp0RsJdCFfO0Hg5S4cHS6WNVAOdazgThgcGOb0','2016-12-07 07:14:34',1,'1',0,'2016-12-07 06:14:34','2016-12-07 06:15:12'),(181,'iU3jWaPEWNvj9biqbNcYWowsVBONEiZXg5jMxwab7WVJQNrT00b3lXhUwsyKQMmVIkKC5Qujbzh','2016-12-07 06:16:12','5DYyhPRGZvXSohVKXQWXXKPbCcZ5FFI4lndguZ4kgMaKS9XVPImkiDwJtP19vH7c74XPMO8vhB3','2016-12-07 07:15:12',1,'1',0,'2016-12-07 06:15:12','2016-12-07 06:15:36'),(182,'inn6lcFw9GjAANlYYYR8aENoQk8ZZ1KkfXqUe3Cepfxvb2rj0wUDpp6xL9LK5o0vRX68Cx9bJ1G','2016-12-07 06:16:36','RgHvYDGpqNzCsytNNwculMrSaJXVBJ6i2CclwkQb7lucubohCsktx4X2CPZGd77oo0Ll967dPbp','2016-12-07 07:15:36',1,'1',1,'2016-12-07 06:15:36','2016-12-07 06:15:36'),(183,'gFIoIRmSEeJhVkw43LWjFRpsrahCfNNRBGRTSdiU343JrTgq8fhZ0WQSqNrs7mKrzkp7xkj9bax','2016-12-21 09:25:20','vMFUQMZ1y5zAUHOuvYIIo7u4vnZGhMy0gJ0k8D66Usbm119VKyiogVdKP8CeIpE9g6rWcnOlL6g','2016-12-21 10:24:20',3,'1',0,'2016-12-21 09:24:20','2016-12-21 09:26:01'),(184,'kS61WlNJYeRMQzxoiZ7SjdGY1JbDXkjawuSH5ZE38WTBD4dDZwEdSZ1Tq58iUYkhWuZQRTRpyOb','2016-12-21 09:27:01','9USyUUeT0Wxcm3lsGkFJ3FVxDuhAyyBYrqKjIa7LLGBK4MerfEMuK7gzuQL1K20scO4I1qwEGfJ','2016-12-21 10:26:01',3,'1',1,'2016-12-21 09:26:01','2016-12-21 09:26:01'),(185,'6MMjkejTfjBphEq7BSrQoA3h7rN2f3f5D9CFdZ738u2o2AybY8zpRxR5CHuZ3syLWKoV6r2NaNG','2016-12-21 09:32:01','xvYuGMkCFhEe0ExlqQgbaKHLCg2hAELbJxFtMWBiMxOUXSzI1K67mcGuA5hKkqQKyhl0D2fVVzP','2016-12-21 10:31:01',2,'1',0,'2016-12-21 09:31:01','2016-12-21 09:32:43'),(186,'qql4nsIJbxz0sw223Jy6ucpSNIHAWsftsNfTaQuys5h08HfibA6quNHwL3yS7MuKlgHj3SGX6Ue','2016-12-21 09:51:14','cxK5pz13a5TcbZfDBm6EVjC6CKcnUkZ2a9xXHzR942R5HqvuiKy8r5qFGnlL8czwO6ffK8GzsAx','2016-12-21 10:32:43',2,'1',0,'2016-12-21 09:32:43','2016-12-21 09:57:26'),(187,'aHAsyXheq5BQvHhNrzCztbJDG3clTyYVdaEwIKf3b6gL2gItIZgokbqthQwAk728cEaJacZO8xi','2016-12-21 09:58:26','7Eiv4818IFbGnVVoSFICDJyjDte0KLYxdM6ivH4SGxTVXltp5zXzElCg1dahi1ZRhJIqmFwFS91','2016-12-21 10:57:26',2,'1',0,'2016-12-21 09:57:26','2016-12-21 09:58:52'),(188,'PJz4VcWhmaKUZeerNdye9gDR0d0io5mJnWv5pe7ls2bSgk2OgPvtTwqwOZgDjlBzFyHQShwmQLE','2016-12-21 09:59:52','n2zluIH72o2YmXJbp3H2dkPuQYwVxKfZtliRx3M9t5XNv8IJ8OMH4DPRqBWWVIaXFlRutr1AnoT','2016-12-21 10:58:52',2,'1',1,'2016-12-21 09:58:52','2016-12-21 09:58:52');
/*!40000 ALTER TABLE `access_tokens` ENABLE KEYS */;
UNLOCK TABLES;

--
-- Table structure for table `api_clients`
--

DROP TABLE IF EXISTS `api_clients`;
/*!40101 SET @saved_cs_client     = @@character_set_client */;
/*!40101 SET character_set_client = utf8 */;
CREATE TABLE `api_clients` (
  `id` int(10) unsigned NOT NULL AUTO_INCREMENT,
  `name` varchar(255) COLLATE utf8_unicode_ci NOT NULL,
  `platform_type` enum('web','ios','android') COLLATE utf8_unicode_ci NOT NULL,
  `secret` varchar(255) COLLATE utf8_unicode_ci NOT NULL,
  `valid` tinyint(1) NOT NULL DEFAULT '1',
  `created_at` datetime NOT NULL,
  `updated_at` datetime NOT NULL,
  PRIMARY KEY (`id`)
) ENGINE=InnoDB AUTO_INCREMENT=4 DEFAULT CHARSET=utf8 COLLATE=utf8_unicode_ci;
/*!40101 SET character_set_client = @saved_cs_client */;

--
-- Dumping data for table `api_clients`
--

LOCK TABLES `api_clients` WRITE;
/*!40000 ALTER TABLE `api_clients` DISABLE KEYS */;
INSERT INTO `api_clients` VALUES (1,'http://web.ramram.com','web','FOlwGMJV',1,'0000-00-00 00:00:00','0000-00-00 00:00:00'),(2,'http://ios.ramram.com','ios','wbs6gU3T',1,'0000-00-00 00:00:00','0000-00-00 00:00:00'),(3,'http://android.ramram.com','android','m7jRmabk',1,'0000-00-00 00:00:00','0000-00-00 00:00:00');
/*!40000 ALTER TABLE `api_clients` ENABLE KEYS */;
UNLOCK TABLES;

--
-- Table structure for table `bus_courses`
--

DROP TABLE IF EXISTS `bus_courses`;
/*!40101 SET @saved_cs_client     = @@character_set_client */;
/*!40101 SET character_set_client = utf8 */;
CREATE TABLE `bus_courses` (
  `id` int(10) unsigned NOT NULL AUTO_INCREMENT,
  `from_bus_stop_id` int(11) NOT NULL,
  `to_bus_stop_id` int(11) NOT NULL,
  `color` varchar(255) COLLATE utf8_unicode_ci NOT NULL,
  `course` text COLLATE utf8_unicode_ci NOT NULL,
  `valid` tinyint(1) NOT NULL DEFAULT '1',
  `created_at` datetime NOT NULL,
  `updated_at` datetime NOT NULL,
  PRIMARY KEY (`id`)
) ENGINE=InnoDB AUTO_INCREMENT=4 DEFAULT CHARSET=utf8 COLLATE=utf8_unicode_ci;
/*!40101 SET character_set_client = @saved_cs_client */;

--
-- Dumping data for table `bus_courses`
--

LOCK TABLES `bus_courses` WRITE;
/*!40000 ALTER TABLE `bus_courses` DISABLE KEYS */;
INSERT INTO `bus_courses` VALUES (1,4,1,'red','{{\"latitude\":\"10.299707\",\"longitude\":\"123.897084\"},{\"latitude\":\"10.308794\",\"longitude\":\"123.907008\"},{\"latitude\":\"10.317377\",\"longitude\":\"123.902390\"}}',1,'2016-07-26 00:00:00','2016-07-26 00:00:00'),(2,1,2,'yellow','{{\"latitude\":\"10.299707\",\"longitude\":\"123.897084\"},{\"latitude\":\"10.308794\",\"longitude\":\"123.907008\"},{\"latitude\":\"10.317377\",\"longitude\":\"123.902390\"}}',1,'2016-07-26 00:00:00','2016-07-26 00:00:00'),(3,2,3,'green','{{\"latitude\":\"10.299707\",\"longitude\":\"123.897084\"},{\"latitude\":\"10.308794\",\"longitude\":\"123.907008\"},{\"latitude\":\"10.317377\",\"longitude\":\"123.902390\"}}',1,'2016-07-26 00:00:00','2016-07-26 00:00:00');
/*!40000 ALTER TABLE `bus_courses` ENABLE KEYS */;
UNLOCK TABLES;

--
-- Table structure for table `bus_routes`
--

DROP TABLE IF EXISTS `bus_routes`;
/*!40101 SET @saved_cs_client     = @@character_set_client */;
/*!40101 SET character_set_client = utf8 */;
CREATE TABLE `bus_routes` (
  `id` int(10) unsigned NOT NULL AUTO_INCREMENT,
  `get_on_bus_stop_id` varchar(255) COLLATE utf8_unicode_ci NOT NULL,
  `get_off_bus_stop_id` varchar(255) COLLATE utf8_unicode_ci NOT NULL,
  `course_ids` varchar(255) COLLATE utf8_unicode_ci NOT NULL,
  `valid` tinyint(1) NOT NULL DEFAULT '1',
  `created_at` datetime NOT NULL,
  `updated_at` datetime NOT NULL,
  PRIMARY KEY (`id`)
) ENGINE=InnoDB AUTO_INCREMENT=5 DEFAULT CHARSET=utf8 COLLATE=utf8_unicode_ci;
/*!40101 SET character_set_client = @saved_cs_client */;

--
-- Dumping data for table `bus_routes`
--

LOCK TABLES `bus_routes` WRITE;
/*!40000 ALTER TABLE `bus_routes` DISABLE KEYS */;
INSERT INTO `bus_routes` VALUES (1,'4','3','1,2,3',1,'2016-07-26 00:00:00','2016-07-26 00:00:00'),(2,'2','1','2',1,'2016-07-26 00:00:00','2016-07-26 00:00:00'),(3,'1','2','2',1,'2016-07-26 00:00:00','2016-07-26 00:00:00'),(4,'1','3','1,2,3',1,'2016-07-26 00:00:00','2016-07-26 00:00:00');
/*!40000 ALTER TABLE `bus_routes` ENABLE KEYS */;
UNLOCK TABLES;

--
-- Table structure for table `bus_stops`
--

DROP TABLE IF EXISTS `bus_stops`;
/*!40101 SET @saved_cs_client     = @@character_set_client */;
/*!40101 SET character_set_client = utf8 */;
CREATE TABLE `bus_stops` (
  `id` int(10) unsigned NOT NULL AUTO_INCREMENT,
  `name_ja` varchar(255) COLLATE utf8_unicode_ci NOT NULL,
  `name_en` varchar(255) COLLATE utf8_unicode_ci NOT NULL,
  `latitude` varchar(255) COLLATE utf8_unicode_ci NOT NULL,
  `longitude` varchar(255) COLLATE utf8_unicode_ci NOT NULL,
  `valid` tinyint(1) NOT NULL DEFAULT '1',
  `created_at` datetime NOT NULL,
  `updated_at` datetime NOT NULL,
  PRIMARY KEY (`id`)
) ENGINE=InnoDB AUTO_INCREMENT=5 DEFAULT CHARSET=utf8 COLLATE=utf8_unicode_ci;
/*!40101 SET character_set_client = @saved_cs_client */;

--
-- Dumping data for table `bus_stops`
--

LOCK TABLES `bus_stops` WRITE;
/*!40000 ALTER TABLE `bus_stops` DISABLE KEYS */;
INSERT INTO `bus_stops` VALUES (1,'アヤラターミナル','Ayala Terminal','10.318904','123.9014',1,'2016-07-26 00:00:00','2016-07-26 00:00:00'),(2,'SMターミナル','SM Terminal','10.3120223','123.9146916',1,'2016-07-26 00:00:00','2016-07-26 00:00:00'),(3,'北バスターミナル','North Bus Terminal','10.3184577','123.9227609',1,'2016-07-26 00:00:00','2016-07-26 00:00:00'),(4,'南バスターミナル','South Bus Terminal','10.297912','123.891083',1,'0000-00-00 00:00:00','0000-00-00 00:00:00');
/*!40000 ALTER TABLE `bus_stops` ENABLE KEYS */;
UNLOCK TABLES;

--
-- Table structure for table `destinations`
--

DROP TABLE IF EXISTS `destinations`;
/*!40101 SET @saved_cs_client     = @@character_set_client */;
/*!40101 SET character_set_client = utf8 */;
CREATE TABLE `destinations` (
  `id` int(10) unsigned NOT NULL AUTO_INCREMENT,
  `name_ja` varchar(255) COLLATE utf8_unicode_ci NOT NULL,
  `name_en` varchar(255) COLLATE utf8_unicode_ci NOT NULL,
  `latitude` varchar(255) COLLATE utf8_unicode_ci NOT NULL,
  `longitude` varchar(255) COLLATE utf8_unicode_ci NOT NULL,
  `nearest_bus_stop_id` int(11) NOT NULL,
  `valid` tinyint(1) NOT NULL DEFAULT '1',
  `created_at` datetime NOT NULL,
  `updated_at` datetime NOT NULL,
  PRIMARY KEY (`id`)
) ENGINE=InnoDB AUTO_INCREMENT=3 DEFAULT CHARSET=utf8 COLLATE=utf8_unicode_ci;
/*!40101 SET character_set_client = @saved_cs_client */;

--
-- Dumping data for table `destinations`
--

LOCK TABLES `destinations` WRITE;
/*!40000 ALTER TABLE `destinations` DISABLE KEYS */;
INSERT INTO `destinations` VALUES (1,'マリオットホテル','Marriott Hotel','10.3180463','123.9047773',1,1,'2016-07-26 00:00:00','2016-07-26 00:00:00'),(2,'マルコポーロプラザホテル','Marco Polo Plaza Hotel','10.3417352','123.8952671',2,1,'2016-07-26 00:00:00','2016-07-26 00:00:00');
/*!40000 ALTER TABLE `destinations` ENABLE KEYS */;
UNLOCK TABLES;

--
-- Table structure for table `informations`
--

DROP TABLE IF EXISTS `informations`;
/*!40101 SET @saved_cs_client     = @@character_set_client */;
/*!40101 SET character_set_client = utf8 */;
CREATE TABLE `informations` (
  `id` int(10) unsigned NOT NULL AUTO_INCREMENT,
  `comments_ja` varchar(255) COLLATE utf8_unicode_ci NOT NULL,
  `comments_en` varchar(255) COLLATE utf8_unicode_ci NOT NULL,
  `open_date` datetime NOT NULL,
  `close_date` datetime NOT NULL,
  `valid` tinyint(1) NOT NULL DEFAULT '1',
  `created_at` datetime NOT NULL,
  `updated_at` datetime NOT NULL,
  PRIMARY KEY (`id`)
) ENGINE=InnoDB AUTO_INCREMENT=57 DEFAULT CHARSET=utf8 COLLATE=utf8_unicode_ci;
/*!40101 SET character_set_client = @saved_cs_client */;

--
-- Dumping data for table `informations`
--

LOCK TABLES `informations` WRITE;
/*!40000 ALTER TABLE `informations` DISABLE KEYS */;
INSERT INTO `informations` VALUES (1,'JAP Comment1','ENG Comment1','2016-07-01 12:00:00','2016-09-30 00:00:00',1,'2016-08-03 00:00:00','2016-08-22 07:56:50'),(2,'Comment2','Comment2','2016-05-01 00:00:00','2016-09-30 00:00:00',1,'2016-08-04 00:00:00','0000-00-00 00:00:00'),(3,'Comment3','Comment3','2016-04-01 00:00:00','2016-09-30 00:00:00',1,'0000-00-00 00:00:00','0000-00-00 00:00:00'),(4,'Comment4','Comment4','2016-04-01 00:00:00','2016-09-30 00:00:00',1,'0000-00-00 00:00:00','0000-00-00 00:00:00'),(5,'Comment5','Comment5','2016-05-01 00:00:00','2016-09-30 00:00:00',1,'0000-00-00 00:00:00','0000-00-00 00:00:00'),(6,'Comment6','Comment6','2016-05-01 00:00:00','2016-09-30 00:00:00',1,'0000-00-00 00:00:00','0000-00-00 00:00:00'),(7,'Comment7','Comment7','2016-04-01 00:00:00','2016-09-30 00:00:00',1,'0000-00-00 00:00:00','0000-00-00 00:00:00'),(8,'Comment8','Comment8','2016-04-01 00:00:00','2016-09-30 00:00:00',1,'0000-00-00 00:00:00','0000-00-00 00:00:00'),(9,'Comment9','Comment9','2016-05-01 00:00:00','2016-09-30 00:00:00',1,'0000-00-00 00:00:00','0000-00-00 00:00:00'),(10,'Comment10','Comment10','2016-05-01 00:00:00','2016-09-30 00:00:00',1,'0000-00-00 00:00:00','0000-00-00 00:00:00'),(11,'Comment11','Comment11','2016-04-01 00:00:00','2016-09-30 00:00:00',1,'0000-00-00 00:00:00','0000-00-00 00:00:00'),(12,'Comment12','Comment12','2016-04-01 00:00:00','2016-09-30 00:00:00',1,'0000-00-00 00:00:00','0000-00-00 00:00:00'),(13,'Comment13','Comment13','2016-05-01 00:00:00','2016-09-30 00:00:00',1,'0000-00-00 00:00:00','0000-00-00 00:00:00'),(14,'Comment14','Comment14','2016-05-01 00:00:00','2016-09-30 00:00:00',1,'0000-00-00 00:00:00','0000-00-00 00:00:00'),(15,'Comment15','Comment15','2016-04-01 00:00:00','2016-09-30 00:00:00',1,'0000-00-00 00:00:00','0000-00-00 00:00:00'),(16,'Comment16','Comment16','2016-04-01 00:00:00','2016-09-30 00:00:00',1,'0000-00-00 00:00:00','0000-00-00 00:00:00'),(17,'Comment17','Comment17','2016-05-01 00:00:00','2016-09-30 00:00:00',1,'0000-00-00 00:00:00','0000-00-00 00:00:00'),(18,'Comment18','Comment18','2016-05-01 00:00:00','2016-09-30 00:00:00',1,'0000-00-00 00:00:00','0000-00-00 00:00:00'),(19,'Comment19','Comment19','2016-04-01 00:00:00','2016-09-30 00:00:00',1,'0000-00-00 00:00:00','0000-00-00 00:00:00'),(20,'Comment20','Comment20','2016-04-01 00:00:00','2016-09-30 00:00:00',1,'0000-00-00 00:00:00','0000-00-00 00:00:00'),(21,'Comment21','Comment21','2016-05-01 00:00:00','2016-09-30 00:00:00',1,'2016-08-04 00:00:00','2016-08-04 00:00:00'),(22,'Comment22','Comment22','2016-05-01 00:00:00','2016-09-30 00:00:00',1,'2016-08-04 00:00:00','2016-08-04 00:00:00'),(23,'Comment23','Comment23','2016-05-01 00:00:00','2016-09-30 00:00:00',1,'2016-08-04 00:00:00','2016-08-04 00:00:00'),(24,'Comment24','Comment24','2016-05-01 00:00:00','2016-09-30 00:00:00',1,'2016-08-04 00:00:00','2016-08-04 00:00:00'),(25,'Comment25','Comment25','2016-05-01 00:00:00','2016-09-30 00:00:00',1,'2016-08-04 00:00:00','2016-08-04 00:00:00'),(26,'Comment26','Comment26','2016-05-01 00:00:00','2016-09-30 00:00:00',1,'2016-08-04 00:00:00','2016-08-04 00:00:00'),(27,'Comment27','Comment27','2016-05-01 00:00:00','2016-09-30 00:00:00',1,'2016-08-04 00:00:00','2016-08-04 00:00:00'),(28,'Comment28','Comment28','2016-05-01 00:00:00','2016-09-30 00:00:00',1,'2016-08-04 00:00:00','2016-08-04 00:00:00'),(29,'Comment29','Comment29','2016-05-01 00:00:00','2016-09-30 00:00:00',1,'2016-08-04 00:00:00','2016-08-04 00:00:00'),(30,'Comment30','Comment30','2016-05-01 00:00:00','2016-09-30 00:00:00',1,'2016-08-04 00:00:00','2016-08-04 00:00:00'),(31,'Comment31','Comment31','2016-05-01 00:00:00','2016-09-30 00:00:00',1,'2016-08-04 00:00:00','2016-08-04 00:00:00'),(32,'Comment32','Comment32','2016-05-01 00:00:00','2016-09-30 00:00:00',1,'2016-08-04 00:00:00','2016-08-04 00:00:00'),(33,'Comment33','Comment33','2016-05-01 00:00:00','2016-09-30 00:00:00',1,'2016-08-04 00:00:00','2016-08-04 00:00:00'),(34,'Comment34','Comment34','2016-05-01 00:00:00','2016-09-30 00:00:00',1,'2016-08-04 00:00:00','2016-08-04 00:00:00'),(35,'Comment35','Comment35','2016-05-01 00:00:00','2016-09-30 00:00:00',1,'2016-08-04 00:00:00','2016-08-04 00:00:00'),(36,'Comment36','Comment36','2016-05-01 00:00:00','2016-09-30 00:00:00',1,'2016-08-04 00:00:00','2016-08-04 00:00:00'),(37,'Comment37','Comment37','2016-05-01 00:00:00','2016-09-30 00:00:00',1,'2016-08-04 00:00:00','2016-08-04 00:00:00'),(38,'Comment38','Comment38','2016-05-01 00:00:00','2016-09-30 00:00:00',1,'2016-08-04 00:00:00','2016-08-04 00:00:00'),(39,'Comment39','Comment39','2016-05-01 00:00:00','2016-09-30 00:00:00',1,'2016-08-04 00:00:00','2016-08-04 00:00:00'),(40,'Comment40','Comment40','2016-05-01 00:00:00','2016-09-30 00:00:00',1,'2016-08-04 00:00:00','2016-08-04 00:00:00'),(41,'Comment41','Comment41','2016-05-01 00:00:00','2016-09-30 00:00:00',1,'2016-08-04 00:00:00','2016-08-04 00:00:00'),(42,'Comment42','Comment42','2016-05-01 00:00:00','2016-09-30 00:00:00',1,'2016-08-04 00:00:00','2016-08-04 00:00:00'),(43,'Comment43','Comment43','2016-05-01 00:00:00','2016-09-30 00:00:00',1,'2016-08-04 00:00:00','2016-08-04 00:00:00'),(44,'Comment44','Comment44','2016-05-01 00:00:00','2016-09-30 00:00:00',1,'2016-08-04 00:00:00','2016-08-04 00:00:00'),(45,'Comment45','Comment45','2016-05-01 00:00:00','2016-09-30 00:00:00',1,'2016-08-04 00:00:00','2016-08-04 00:00:00'),(46,'Comment46','Comment 46','2016-05-01 00:00:00','2016-09-30 00:00:00',1,'2016-08-04 00:00:00','2016-08-09 09:02:32'),(47,'Comment47','Comment47','2016-05-01 00:00:00','2016-09-30 00:00:00',1,'2016-08-04 00:00:00','2016-08-04 00:00:00'),(48,'Comment48','Comment48','2016-05-01 00:00:00','2016-09-30 00:00:00',1,'2016-08-04 00:00:00','2016-08-04 00:00:00'),(49,'Comment49','Comment49','2016-05-01 00:00:00','2016-09-30 00:00:00',1,'2016-08-04 00:00:00','2016-08-04 00:00:00'),(50,'Comment50','Comment50','2016-05-01 00:00:00','2016-09-30 00:00:00',1,'2016-08-04 00:00:00','2016-08-04 00:00:00'),(55,'','Comment 51','2016-08-09 05:00:08','2016-08-31 12:00:00',0,'2016-08-09 09:00:14','2016-08-09 09:00:57'),(56,'JAP comment1','ENG comment2','2016-08-01 00:00:00','2016-08-31 00:00:00',1,'2016-08-22 08:19:56','2016-08-22 08:19:56');
/*!40000 ALTER TABLE `informations` ENABLE KEYS */;
UNLOCK TABLES;

--
-- Table structure for table `issued_tickets`
--

DROP TABLE IF EXISTS `issued_tickets`;
/*!40101 SET @saved_cs_client     = @@character_set_client */;
/*!40101 SET character_set_client = utf8 */;
CREATE TABLE `issued_tickets` (
  `id` int(10) unsigned NOT NULL AUTO_INCREMENT,
  `type` enum('registration','split','campaign') COLLATE utf8_unicode_ci NOT NULL DEFAULT 'registration',
  `receive_key` varchar(255) COLLATE utf8_unicode_ci NOT NULL,
  `ticket_id` int(11) NOT NULL,
  `adult_num` int(11) NOT NULL,
  `child_num` int(11) NOT NULL,
  `started_date` datetime DEFAULT NULL,
  `expired_date` datetime DEFAULT NULL,
  `purchase_date` datetime DEFAULT NULL,
  `issued_date` datetime NOT NULL,
  `user_ticket_id` int(11) DEFAULT NULL,
  `valid` tinyint(1) NOT NULL DEFAULT '1',
  `created_at` datetime NOT NULL,
  `updated_at` datetime NOT NULL,
  PRIMARY KEY (`id`)
) ENGINE=InnoDB AUTO_INCREMENT=106 DEFAULT CHARSET=utf8 COLLATE=utf8_unicode_ci;
/*!40101 SET character_set_client = @saved_cs_client */;

--
-- Dumping data for table `issued_tickets`
--

LOCK TABLES `issued_tickets` WRITE;
/*!40000 ALTER TABLE `issued_tickets` DISABLE KEYS */;
INSERT INTO `issued_tickets` VALUES (1,'registration','aKMOPJM66zamazZBgwAxGPr8k',4,1,0,'2016-07-20 02:59:34','2016-07-20 03:59:34',NULL,'2016-07-01 08:43:17',5,1,'2016-07-19 08:43:17','2016-07-20 02:59:34'),(2,'split','3TTTepQ2Axf38Cuaa5qcpo09f',3,9,1,'2016-07-20 03:49:21','2016-07-25 03:49:21',NULL,'2016-07-19 08:43:17',6,1,'2016-07-19 09:15:22','2016-08-17 02:18:05'),(3,'split','lYVG7iKXpdHfzRQBLEN1O8WXX',3,1,1,NULL,NULL,NULL,'2016-07-19 08:43:17',NULL,1,'2016-07-19 09:44:13','2016-08-16 08:44:41'),(4,'split','mbh7kMu16coWOUHCP4JHWGhjK',3,1,1,NULL,NULL,NULL,'2016-06-07 00:00:00',NULL,1,'2016-07-19 09:53:12','2016-07-19 09:53:12'),(5,'split','TnRU920CEt2Yg2rNd1KmClsZC',3,1,1,NULL,NULL,NULL,'2016-05-01 00:00:00',NULL,1,'2016-07-19 09:54:21','2016-07-19 09:54:21'),(6,'split','b3degCbneWUY4e4TEbUa7g7Y1',3,1,1,'2016-07-19 09:56:53','2016-07-24 09:56:53','2016-07-19 00:00:00','2016-07-20 02:57:10',8,1,'2016-07-20 02:57:10','2016-07-20 03:03:24'),(7,'split','84r5kJy7vIosUKnezBV5SCJ4M',3,1,1,'2016-07-19 09:56:53','2016-07-24 09:56:53','2016-07-19 00:00:00','2016-07-20 03:03:47',NULL,1,'2016-07-20 03:03:47','2016-07-20 03:03:47'),(11,'registration','ml42MmVgv4bM6K9SX92PMuo3k',1,9,9,NULL,NULL,NULL,'2016-08-17 08:12:37',NULL,1,'2016-08-17 08:12:37','2016-08-17 08:12:37'),(14,'registration','JdHa5HvmilphvjjKcRQcr0Dw6',1,2,2,NULL,NULL,NULL,'2016-08-17 08:21:38',NULL,1,'2016-08-17 08:21:38','2016-08-17 08:21:38'),(15,'registration','dy30luUQxijsVbkIfPtWoghUH',1,2,2,NULL,NULL,NULL,'2016-08-17 08:21:38',NULL,1,'2016-08-17 08:21:38','2016-08-17 08:21:38'),(16,'registration','H4NM2leUg50X4KPLroX054wJU',1,2,2,NULL,NULL,NULL,'2016-08-17 08:21:38',NULL,1,'2016-08-17 08:21:38','2016-08-17 08:21:38'),(17,'registration','o1N7BceTUau9xlBUfjmehLjSl',1,9,9,NULL,NULL,NULL,'2016-08-18 02:09:59',NULL,1,'2016-08-18 02:09:59','2016-08-18 02:09:59'),(18,'registration','T2Fnextk6Z7l39e8EkZMoy0hv',1,9,9,NULL,NULL,NULL,'2016-08-18 02:09:59',NULL,1,'2016-08-18 02:09:59','2016-08-18 02:09:59'),(19,'registration','LvjW4pcrkbUjfOGfOJC6dHVs2',1,2,3,NULL,NULL,NULL,'2016-08-22 06:28:42',NULL,1,'2016-08-22 06:28:42','2016-08-22 06:28:42'),(20,'registration','Q7h4vN7QI9odmowId6AS2Y1Dd',1,2,3,NULL,NULL,NULL,'2016-08-22 06:28:42',NULL,1,'2016-08-22 06:28:42','2016-08-22 06:28:42'),(21,'registration','Uy4datlrQ8JQ2Gppig4klTO9Y',1,2,3,NULL,NULL,NULL,'2016-08-22 06:28:42',NULL,1,'2016-08-22 06:28:42','2016-08-22 06:28:42'),(22,'registration','ezFdcGrQc5Z2adYBZ8glpBwNS',1,1,2,NULL,NULL,NULL,'2016-08-22 08:32:45',NULL,1,'2016-08-22 08:32:45','2016-08-22 08:32:45'),(23,'split','jQxPSX2HP7cOkt8MzsD42X6Oc',1,9,9,NULL,NULL,NULL,'2016-08-21 03:50:36',NULL,1,'2016-08-23 03:50:36','2016-08-23 03:50:36'),(24,'campaign','NaRjcBrJTrNo0xa9DlfcpLHdz',1,9,9,NULL,NULL,NULL,'2016-08-23 03:52:51',NULL,1,'2016-08-23 03:52:51','2016-08-23 03:52:51'),(25,'campaign','12AlSsa7PtiMNRjkDyBLe3owR',1,9,9,NULL,NULL,NULL,'2016-08-23 03:52:51',NULL,1,'2016-08-23 03:52:51','2016-08-23 03:52:51'),(26,'campaign','7dH30GI6fjtj474O6rJDOwOd7',1,9,7,NULL,NULL,NULL,'2016-08-23 03:52:51',NULL,1,'2016-08-23 03:52:51','2016-08-23 03:52:51'),(27,'campaign','nmoTEDCc87EB5ZfZv6BOa84e9',1,9,9,NULL,NULL,NULL,'2016-08-23 03:52:51',NULL,1,'2016-08-23 03:52:51','2016-08-23 03:52:51'),(28,'campaign','fUMTMuErKvtr2msbmrx7VA3hP',1,9,9,NULL,NULL,NULL,'2016-08-23 03:52:51',5,1,'2016-08-23 03:52:51','2016-08-23 03:52:51'),(29,'campaign','UeYqlsHIhRXCiw7qNYg5XxNfv',1,9,9,NULL,NULL,NULL,'2016-08-23 03:52:51',34,1,'2016-08-23 03:52:51','2016-08-23 03:52:51'),(30,'campaign','yka3whodWQCLz8rqmnNPOppOP',1,9,8,NULL,NULL,NULL,'2016-09-23 03:52:51',34,1,'2016-08-23 03:52:51','2016-11-24 05:35:20'),(31,'campaign','IctzkkvnADsZyCORTpnPPO1T7',1,9,9,NULL,NULL,NULL,'2016-08-23 03:52:51',NULL,1,'2016-08-23 03:52:51','2016-08-23 03:52:51'),(32,'campaign','2jOhZCS1dP1iUfVDgA1rltRtO',1,9,9,NULL,NULL,NULL,'2016-08-23 03:52:51',NULL,1,'2016-08-23 03:52:51','2016-08-23 03:52:51'),(33,'campaign','gA5QpyxxNhVdHAkvGx4MRhRVC',1,9,9,NULL,NULL,NULL,'2016-08-23 03:52:51',NULL,1,'2016-08-23 03:52:51','2016-08-23 03:52:51'),(34,'campaign','IO5tbfILLA6xll1zrbqSDVTQQ',1,9,9,NULL,NULL,NULL,'2016-08-23 03:52:51',NULL,1,'2016-08-23 03:52:51','2016-08-23 03:52:51'),(35,'campaign','wONKORjmoVKpMCa4XNixQjE2k',1,9,9,NULL,NULL,NULL,'2016-08-23 03:52:51',NULL,1,'2016-08-23 03:52:51','2016-08-23 03:52:51'),(36,'campaign','5YMalK06nkaTPNZBTTHpC1Bb6',1,9,9,NULL,NULL,NULL,'2016-08-23 03:52:51',NULL,1,'2016-08-23 03:52:51','2016-08-23 03:52:51'),(37,'campaign','jyBY8uZpUhwTsvpNnDHXvur2S',1,9,9,NULL,NULL,NULL,'2016-08-23 03:52:51',NULL,1,'2016-08-23 03:52:51','2016-08-23 03:52:51'),(38,'campaign','z7dM9J8u6fJ0QTQls66IrsTFT',1,9,9,NULL,NULL,NULL,'2016-08-23 03:52:51',NULL,1,'2016-08-23 03:52:51','2016-08-23 03:52:51'),(39,'campaign','8QHvoaf5mjwHqtv3brfAYivtF',1,9,9,NULL,NULL,NULL,'2016-08-23 03:52:51',NULL,1,'2016-08-23 03:52:51','2016-08-23 03:52:51'),(40,'campaign','7SmoQfOfeeBINmTB46iVdzgX4',1,9,9,NULL,NULL,NULL,'2016-08-23 03:52:51',NULL,1,'2016-08-23 03:52:51','2016-08-23 03:52:51'),(41,'campaign','vsStFS1qUDzlBzSdaOFKr5RCm',2,8,8,NULL,NULL,NULL,'2016-08-23 05:36:03',NULL,1,'2016-08-23 05:36:03','2016-08-23 05:36:03'),(42,'campaign','P4sneVYXMmsOiZWvcW9dBl7c1',2,8,8,NULL,NULL,NULL,'2016-08-23 05:36:03',NULL,1,'2016-08-23 05:36:03','2016-08-23 05:36:03'),(43,'campaign','45eyX9nIYx6UNBht0ELaJTXMl',2,8,8,NULL,NULL,NULL,'2016-08-23 05:36:03',NULL,1,'2016-08-23 05:36:03','2016-08-23 05:36:03'),(44,'campaign','tNjgs6UEuGI9XirMPrmRRzjIw',2,8,8,NULL,NULL,NULL,'2016-08-23 05:36:03',NULL,1,'2016-08-23 05:36:03','2016-08-23 05:36:03'),(45,'campaign','bWrSrzyQ5t24aCedoHE195W21',2,8,8,NULL,NULL,NULL,'2016-08-23 05:36:03',NULL,1,'2016-08-23 05:36:03','2016-08-23 05:36:03'),(46,'campaign','F8D5XrncWeaqakZEjrTceMBCF',2,8,8,NULL,NULL,NULL,'2016-08-23 05:36:03',NULL,1,'2016-08-23 05:36:03','2016-08-23 05:36:03'),(47,'campaign','2FAlrdERiRtDWpWyC4FzMpfr0',2,8,8,NULL,NULL,NULL,'2016-08-23 05:36:03',NULL,1,'2016-08-23 05:36:03','2016-08-23 05:36:03'),(48,'campaign','Lw17Jrx1AbZR2xl8eCvfymLhk',2,8,8,NULL,NULL,NULL,'2016-08-23 05:36:03',NULL,1,'2016-08-23 05:36:03','2016-08-23 05:36:03'),(49,'campaign','iABXYgcgMSRUNUsmlIGzjDCjv',2,8,8,NULL,NULL,NULL,'2016-08-23 05:36:03',NULL,1,'2016-08-23 05:36:03','2016-08-23 05:36:03'),(50,'campaign','kB73XrL03fqnOvXs3xywIoSxq',2,8,8,NULL,NULL,NULL,'2016-08-23 05:36:03',NULL,1,'2016-08-23 05:36:03','2016-08-23 05:36:03'),(51,'campaign','oIJsUjqkKJeOZzwj2ik7sMw4T',2,8,8,NULL,NULL,NULL,'2016-08-23 05:36:03',NULL,1,'2016-08-23 05:36:03','2016-08-23 05:36:03'),(52,'campaign','1FovSwl3E1bv93xirwrNGhzMm',2,8,8,NULL,NULL,NULL,'2016-08-23 05:36:03',NULL,1,'2016-08-23 05:36:03','2016-08-23 05:36:03'),(53,'campaign','LrT9lkKW7EP3iJ2JyxDwbMuvL',2,8,8,NULL,NULL,NULL,'2016-08-23 05:36:03',NULL,1,'2016-08-23 05:36:03','2016-08-23 05:36:03'),(54,'campaign','Zr8CnAni8uHgM5pV4vbQhbkwU',2,8,8,NULL,NULL,NULL,'2016-08-23 05:36:03',NULL,1,'2016-08-23 05:36:03','2016-08-23 05:36:03'),(55,'campaign','LGhgLXct0aO0fn1JpgtAEs3lu',2,8,8,NULL,NULL,NULL,'2016-08-23 05:36:03',NULL,1,'2016-08-23 05:36:03','2016-08-23 05:36:03'),(56,'registration','HY7Tw64AvSH1TwG7PAjUG7Xzl',4,1,0,NULL,NULL,NULL,'2016-11-14 02:08:05',NULL,1,'2016-11-14 02:08:05','2016-11-14 02:08:05'),(57,'registration','hEawbibFdYdWxYYSlbE278hNS',4,1,0,NULL,NULL,NULL,'2016-11-14 02:09:29',NULL,1,'2016-11-14 02:09:29','2016-11-14 02:09:29'),(58,'registration','x0uva2JHvy0ZbZ6DvRedKG9rl',4,1,0,NULL,NULL,NULL,'2016-11-14 02:10:28',NULL,1,'2016-11-14 02:10:28','2016-11-14 02:10:28'),(59,'registration','R7m8L4PqL0vvDuzsTMpmj2zOa',4,1,0,NULL,NULL,NULL,'2016-11-14 02:19:27',NULL,1,'2016-11-14 02:19:27','2016-11-14 02:19:27'),(60,'registration','6QI1GdPjA8JjzqIz43e3DbpQo',4,1,0,NULL,NULL,NULL,'2016-11-14 02:32:53',NULL,1,'2016-11-14 02:32:53','2016-11-14 02:32:53'),(61,'registration','7spAjH8LJnpX4LkfYPD7VnfwO',4,1,0,NULL,NULL,NULL,'2016-11-14 02:33:12',NULL,1,'2016-11-14 02:33:12','2016-11-14 02:33:12'),(62,'registration','MvonodLpGocSJQtqJXIeHM8gv',4,1,0,NULL,NULL,NULL,'2016-11-14 02:33:50',NULL,1,'2016-11-14 02:33:50','2016-11-14 02:33:50'),(63,'registration','OWm8M0LS7BLzT5FWMpz7x46jc',4,1,0,NULL,NULL,NULL,'2016-11-14 02:34:43',NULL,1,'2016-11-14 02:34:43','2016-11-14 02:34:43'),(64,'registration','QbO79tatw0sXNkWCnIziYCOLn',4,1,0,NULL,NULL,NULL,'2016-11-14 02:36:02',NULL,1,'2016-11-14 02:36:02','2016-11-14 02:36:02'),(65,'registration','ZNyv3PTcLAOclgGfaViMR52dO',4,1,0,NULL,NULL,NULL,'2016-11-14 02:38:41',NULL,1,'2016-11-14 02:38:41','2016-11-14 02:38:41'),(66,'registration','nDgdgdABrFYFOBW1L3CwUEU7n',4,1,0,NULL,NULL,NULL,'2016-11-14 02:46:41',NULL,1,'2016-11-14 02:46:41','2016-11-14 02:46:41'),(67,'registration','ow02gfTvKPw7vrsKUyzridMWo',4,1,0,NULL,NULL,NULL,'2016-11-14 02:50:51',NULL,1,'2016-11-14 02:50:51','2016-11-14 02:50:51'),(68,'registration','K6ZqF1htAj5LfZ2WoqCOTY543',4,1,0,NULL,NULL,NULL,'2016-11-14 02:52:03',NULL,1,'2016-11-14 02:52:03','2016-11-14 02:52:03'),(69,'registration','6lkvLCdmzaeD5iDKRe4DyyOBl',4,1,0,NULL,NULL,NULL,'2016-11-14 02:54:01',NULL,1,'2016-11-14 02:54:01','2016-11-14 02:54:01'),(70,'registration','cknYCzEEw5fKPr6rKOuecbbnk',4,1,0,NULL,NULL,NULL,'2016-11-14 02:57:13',NULL,1,'2016-11-14 02:57:13','2016-11-14 02:57:13'),(71,'registration','TJUvWBDJiy2oyAsPXkMOW4tnH',4,1,0,NULL,NULL,NULL,'2016-11-14 02:59:22',NULL,1,'2016-11-14 02:59:22','2016-11-14 02:59:22'),(72,'registration','p9GuO5cPL51LPwhxafmc8F3EO',4,1,0,NULL,NULL,NULL,'2016-11-14 03:00:51',NULL,1,'2016-11-14 03:00:51','2016-11-14 03:00:51'),(73,'registration','LulaOq9Rw0BchAUED0Pjm4qhU',4,1,0,NULL,NULL,NULL,'2016-11-14 03:02:05',NULL,1,'2016-11-14 03:02:05','2016-11-14 03:02:05'),(74,'registration','dCIv28FRMXZjp7TpBuq1DZA9F',4,1,0,NULL,NULL,NULL,'2016-11-14 03:04:46',NULL,1,'2016-11-14 03:04:46','2016-11-14 03:04:46'),(75,'registration','onMhtZcij0xpT8QTzBXSATy8X',4,1,0,NULL,NULL,NULL,'2016-11-14 03:26:47',NULL,1,'2016-11-14 03:26:47','2016-11-14 03:26:47'),(76,'registration','HgxCPY6aI8qNcNiDokb9Lo6n2',4,1,0,NULL,NULL,NULL,'2016-11-14 03:27:57',NULL,1,'2016-11-14 03:27:57','2016-11-14 03:27:57'),(77,'registration','vRFu8WrR9D6cuZOdDWRWwTgH6',4,1,0,NULL,NULL,NULL,'2016-11-14 03:30:24',NULL,1,'2016-11-14 03:30:24','2016-11-14 03:30:24'),(78,'registration','EeSe8GzpevMlxe4kHDPeqnD3c',4,1,0,NULL,NULL,NULL,'2016-11-14 03:32:26',NULL,1,'2016-11-14 03:32:26','2016-11-14 03:32:26'),(79,'registration','LB1pggI0gdZxJpnTGooe8Z1Kt',4,1,0,NULL,NULL,NULL,'2016-11-14 03:33:24',NULL,1,'2016-11-14 03:33:24','2016-11-14 03:33:24'),(80,'registration','Qn16hmzcpp7J4fHaaVmjX5Fkn',4,1,0,NULL,NULL,NULL,'2016-11-14 03:36:20',NULL,1,'2016-11-14 03:36:20','2016-11-14 03:36:20'),(81,'registration','COd7YJgUEEixqdR9uMMk6ekAs',4,1,0,NULL,NULL,NULL,'2016-11-14 03:37:11',NULL,1,'2016-11-14 03:37:11','2016-11-14 03:37:11'),(82,'registration','8vAEIQ3ya6GFBOcSnd9q59vFn',4,1,0,NULL,NULL,NULL,'2016-11-14 03:38:30',NULL,1,'2016-11-14 03:38:30','2016-11-14 03:38:30'),(83,'registration','9ZPUjMbL9lAjHqbRBesQ1cocs',4,1,0,NULL,NULL,NULL,'2016-11-14 03:44:42',NULL,1,'2016-11-14 03:44:42','2016-11-14 03:44:42'),(84,'registration','8frCcCoZNCb1OWPNqne3fZYK0',4,1,0,NULL,NULL,NULL,'2016-11-14 05:27:17',NULL,1,'2016-11-14 05:27:17','2016-11-14 05:27:17'),(85,'registration','YroYiCPRKiuReUs8JPvJLKU3L',4,1,0,NULL,NULL,NULL,'2016-11-14 05:28:45',NULL,1,'2016-11-14 05:28:45','2016-11-14 05:28:45'),(86,'registration','M0UOmUFreVHu0Eb7gX6AygXgi',4,1,0,NULL,NULL,NULL,'2016-11-14 05:29:40',NULL,1,'2016-11-14 05:29:40','2016-11-14 05:29:40'),(87,'registration','mTZkm3yV0HGapC7ZyaCEvvVQq',4,1,0,NULL,NULL,NULL,'2016-11-14 05:40:16',NULL,1,'2016-11-14 05:40:16','2016-11-14 05:40:16'),(88,'registration','HnPA3O2t2jcvxg71c76OMs5to',4,1,0,NULL,NULL,NULL,'2016-11-14 05:46:39',NULL,1,'2016-11-14 05:46:39','2016-11-14 05:46:39'),(89,'registration','8nUNDrTqS3u7FMxiUszDTWWH2',4,1,0,NULL,NULL,NULL,'2016-11-14 05:53:06',NULL,1,'2016-11-14 05:53:06','2016-11-14 05:53:06'),(90,'registration','5qxUDAVgqM8gXZCIkPU6pa29S',4,1,0,NULL,NULL,NULL,'2016-11-14 05:56:06',NULL,1,'2016-11-14 05:56:06','2016-11-14 05:56:06'),(91,'registration','AfUJEy8CBbMiPrzJ37CAPtMyA',4,1,0,NULL,NULL,NULL,'2016-11-14 05:57:26',NULL,1,'2016-11-14 05:57:26','2016-11-14 05:57:26'),(92,'registration','0lZhTubBkz7yUZXafMDUPoblE',4,1,0,NULL,NULL,NULL,'2016-11-14 06:03:38',NULL,1,'2016-11-14 06:03:38','2016-11-14 06:03:38'),(93,'registration','SK3jbGooJQKCTS2iFhONiyX1J',4,1,0,NULL,NULL,NULL,'2016-11-14 06:09:33',NULL,1,'2016-11-14 06:09:33','2016-11-14 06:09:33'),(94,'registration','1l62gpOpycgyL1JhEHtufJfAo',4,1,0,NULL,NULL,NULL,'2016-11-14 06:11:28',NULL,1,'2016-11-14 06:11:28','2016-11-14 06:11:28'),(95,'registration','fUdQyMoT06KnqfELRLlrsnBA7',4,1,0,NULL,NULL,NULL,'2016-11-14 06:16:10',NULL,1,'2016-11-14 06:16:10','2016-11-14 06:16:10'),(96,'registration','pye8sJlT2S0dFlxqYAPbLUZDW',4,1,0,NULL,NULL,NULL,'2016-11-14 06:18:14',NULL,1,'2016-11-14 06:18:14','2016-11-14 06:18:14'),(97,'registration','zCTBknkgkpFccujDISMYAyVa6',4,1,0,NULL,NULL,NULL,'2016-11-14 06:25:00',NULL,1,'2016-11-14 06:25:00','2016-11-14 06:25:00'),(98,'registration','QG4twLf19IYemAJSvFSnYQ3MW',4,1,0,NULL,NULL,NULL,'2016-11-14 06:28:08',NULL,1,'2016-11-14 06:28:08','2016-11-14 06:28:08'),(99,'registration','DzlUwFKQIlv34qU927h7CRy1W',4,1,0,NULL,NULL,NULL,'2016-11-14 06:46:27',NULL,1,'2016-11-14 06:46:27','2016-11-14 06:46:27'),(100,'registration','mMeIiSkxQhvuXvyE98eW1yWJT',4,1,0,NULL,NULL,NULL,'2016-11-14 08:18:34',NULL,1,'2016-11-14 08:18:34','2016-11-14 08:18:34'),(101,'registration','DojNL7RW2t3isUaKW9FE6VJO4',4,1,0,NULL,NULL,NULL,'2016-11-14 08:39:32',NULL,1,'2016-11-14 08:39:32','2016-11-14 08:39:32'),(102,'registration','KkKSUdPwFl6zK6c8VAx5QuDsQ',4,1,0,NULL,NULL,NULL,'2016-11-14 08:40:41',NULL,1,'2016-11-14 08:40:41','2016-11-14 08:40:41'),(103,'registration','ylRQX3oRcZQ6zHBI7NuAwWCQt',4,1,0,NULL,NULL,NULL,'2016-11-14 08:41:19',NULL,1,'2016-11-14 08:41:19','2016-11-14 08:41:19'),(104,'registration','F5ZjRFMEaWgKdZCqNPdJfqX5n',4,1,0,NULL,NULL,NULL,'2016-11-14 08:47:28',NULL,1,'2016-11-14 08:47:28','2016-11-14 08:47:28'),(105,'registration','Yz2WPUGo10WaJPNFu3wezvbVk',4,1,0,NULL,NULL,NULL,'2016-11-14 08:47:53',NULL,1,'2016-11-14 08:47:53','2016-11-14 08:47:53');
/*!40000 ALTER TABLE `issued_tickets` ENABLE KEYS */;
UNLOCK TABLES;

--
-- Table structure for table `migrations`
--

DROP TABLE IF EXISTS `migrations`;
/*!40101 SET @saved_cs_client     = @@character_set_client */;
/*!40101 SET character_set_client = utf8 */;
CREATE TABLE `migrations` (
  `migration` varchar(255) COLLATE utf8_unicode_ci NOT NULL,
  `batch` int(11) NOT NULL
) ENGINE=InnoDB DEFAULT CHARSET=utf8 COLLATE=utf8_unicode_ci;
/*!40101 SET character_set_client = @saved_cs_client */;

--
-- Dumping data for table `migrations`
--

LOCK TABLES `migrations` WRITE;
/*!40000 ALTER TABLE `migrations` DISABLE KEYS */;
INSERT INTO `migrations` VALUES ('2016_02_18_055443_create_purchase_histories_table',1),('2016_02_18_055504_create_access_tokens_table',1),('2016_03_21_093855_create_api_clients_table',1),('2016_05_18_015036_create_informations_table',1),('2016_02_18_055357_create_tickets_table',5),('2016_02_18_055409_create_user_tickets_table',6),('2016_05_10_065541_create_payments_table',6),('2016_06_28_051041_create_split_histories_table',6),('2016_07_19_023310_create_issued_tickets_table',7),('2016_07_22_100025_create_bus_stops_table',8),('2016_07_22_100100_create_destinations_table',8),('2016_07_22_100120_create_bus_courses_table',8),('2016_07_22_100132_create_bus_routes_table',8),('2014_10_12_000000_create_users_table',9);
/*!40000 ALTER TABLE `migrations` ENABLE KEYS */;
UNLOCK TABLES;

--
-- Table structure for table `payments`
--

DROP TABLE IF EXISTS `payments`;
/*!40101 SET @saved_cs_client     = @@character_set_client */;
/*!40101 SET character_set_client = utf8 */;
CREATE TABLE `payments` (
  `id` int(10) unsigned NOT NULL AUTO_INCREMENT,
  `type` enum('charge','refund') COLLATE utf8_unicode_ci NOT NULL DEFAULT 'charge',
  `token` varchar(255) COLLATE utf8_unicode_ci DEFAULT NULL,
  `expired_date` datetime NOT NULL,
  `user_id` int(11) NOT NULL,
  `ticket_id` int(11) NOT NULL,
  `adult_num` int(11) NOT NULL,
  `child_num` int(11) NOT NULL,
  `adult_price` double(8,2) NOT NULL DEFAULT '0.00',
  `child_price` double(8,2) DEFAULT '0.00',
  `user_ticket_id` int(11) DEFAULT NULL,
  `amount` double(8,2) NOT NULL,
  `payment_date` datetime DEFAULT NULL,
  `transaction_id` varchar(20) COLLATE utf8_unicode_ci DEFAULT NULL,
  `transaction_response_code` tinyint(4) DEFAULT NULL,
  `api_response` text COLLATE utf8_unicode_ci,
  `customer_payment_profile_id` varchar(20) COLLATE utf8_unicode_ci DEFAULT NULL,
  `valid` tinyint(1) NOT NULL DEFAULT '1',
  `created_at` datetime NOT NULL,
  `updated_at` datetime NOT NULL,
  PRIMARY KEY (`id`)
) ENGINE=InnoDB AUTO_INCREMENT=38 DEFAULT CHARSET=utf8 COLLATE=utf8_unicode_ci;
/*!40101 SET character_set_client = @saved_cs_client */;

--
-- Dumping data for table `payments`
--

LOCK TABLES `payments` WRITE;
/*!40000 ALTER TABLE `payments` DISABLE KEYS */;
INSERT INTO `payments` VALUES (1,'charge','adsfasdfasdfsdfsd','2016-07-20 00:00:00',1,6,9,9,2.00,0.00,31,2.00,'2016-10-03 07:49:04','40003588378',1,'{\"resultCode\":\"Ok\",\"messages\":{\"I00001\":\"Successful.\"},\"transactionResponse\":{\"transactionId\":\"40003588378\",\"responseCode\":\"1\",\"messages\":{\"1\":\"This transaction has been approved.\"}}}','1500247379',1,'2016-07-20 00:00:00','2016-10-03 07:49:04'),(2,'charge','cVmyOBbj0TNcMa8mxtmvo4eBwdaVrN6SHQ4oScAG1MIHplRzYS2BzU7qU7wPVw6QJZww31vo9jf','2016-07-22 02:46:51',1,3,9,9,20.30,10.15,NULL,274.05,NULL,NULL,NULL,NULL,NULL,1,'2016-07-21 02:36:51','2016-07-21 02:36:51'),(3,'charge','JTClBvWkpbHxEpYCrHCv4sBQ14EdfNnWES5sbc4KvTucU4FQKapWwIXmMlDvYawdWM4NcSDn5u9','2016-07-21 03:35:10',1,3,9,9,20.30,10.15,10,274.05,'2016-07-21 03:25:29','2261531310',1,'{\"resultCode\":\"Ok\",\"messages\":{\"I00001\":\"Successful.\"},\"transactionResponse\":{\"transactionId\":\"2261531310\",\"responseCode\":\"1\",\"messages\":{\"1\":\"This transaction has been approved.\"}}}','1500145546',1,'2016-07-21 03:25:10','2016-07-21 03:25:29'),(4,'charge','3HnEJuKAkenNpA1efuHvNxX2IWEUw6WyFgVNI0pXDEyAL5UiENZu9xTQhzFecTnWpPoRbM0zQZi','2016-07-22 06:26:02',1,6,2,2,2.00,0.00,11,4.00,'2016-07-21 08:43:53','2261156224',1,'{\"resultCode\":\"Ok\",\"messages\":{\"I00001\":\"Successful.\"},\"transactionResponse\":{\"transactionId\":\"2261543681\",\"responseCode\":\"1\",\"messages\":{\"1\":\"This transaction has been approved.\"}}}','37576066',1,'2016-07-21 06:16:02','2016-07-21 08:43:53'),(5,'refund',NULL,'0000-00-00 00:00:00',1,6,2,2,2.00,0.00,11,4.00,'2016-08-03 08:00:33','2261711991',1,NULL,NULL,1,'2016-07-21 09:12:08','2016-07-21 09:12:08'),(6,'refund',NULL,'0000-00-00 00:00:00',1,3,9,9,20.30,10.15,10,274.05,'2016-07-13 00:00:00','2261711561',1,'{\"resultCode\":\"Ok\",\"messages\":{\"I00001\":\"Successful.\"},\"transactionResponse\":{\"transactionId\":\"2261711561\",\"responseCode\":\"1\",\"messages\":{\"1\":\"This transaction has been approved.\"}}}',NULL,1,'2016-07-25 05:48:48','2016-07-25 05:48:48'),(7,'charge','MSyFK4xpvsb9xSVchBHqxmS6N41DRkEnUJn5HyPoU3bq4dyqptz4CUDomcvdIefjAVtZvlbMtpT','2016-07-25 06:17:44',1,6,9,6,2.00,0.00,12,18.00,'2016-07-25 06:08:21','2261711991',1,'{\"resultCode\":\"Ok\",\"messages\":{\"I00001\":\"Successful.\"},\"transactionResponse\":{\"transactionId\":\"2261711991\",\"responseCode\":\"1\",\"messages\":{\"1\":\"This transaction has been approved.\"}}}','37576066',1,'2016-07-25 06:07:43','2016-07-25 06:08:21'),(8,'charge','mLeY0IyG5EclcbXKx7y8yCewnvmNcLAVViuSV2mpLRUqoaPISbCQvuaYUDSGqJPWaoMLV9FZbXB','2016-07-25 06:20:44',1,6,1,6,2.00,0.00,13,2.00,'2016-07-25 06:11:08','2261712084',1,'{\"resultCode\":\"Ok\",\"messages\":{\"I00001\":\"Successful.\"},\"transactionResponse\":{\"transactionId\":\"2261712084\",\"responseCode\":\"1\",\"messages\":{\"1\":\"This transaction has been approved.\"}}}','37576066',1,'2016-07-25 06:10:44','2016-07-25 06:11:08'),(9,'charge','OzecNoPRtRPrrtvrAuhFFl70gcAZKOGoYgz5w4pp2n9IXpcA04U9PT87KPrUV9rBkV5Ii1L6H1M','2016-07-30 06:23:42',1,6,1,2,2.00,0.00,14,2.00,'2016-07-25 06:16:40','2261712186',1,'{\"resultCode\":\"Ok\",\"messages\":{\"I00001\":\"Successful.\"},\"transactionResponse\":{\"transactionId\":\"2261712186\",\"responseCode\":\"1\",\"messages\":{\"1\":\"This transaction has been approved.\"}}}','37576066',1,'2016-07-25 06:13:42','2016-07-25 06:16:40'),(10,'charge','c9VBeg1KkbF0WXbtOSsFjeSzXDj6W7lWreJA8djc5WSVvS7erdzzIsFRcn4UYGnAs67ONrPR5I6','2016-07-25 07:15:57',1,6,1,1,2.00,0.00,NULL,2.00,NULL,NULL,NULL,NULL,NULL,1,'2016-07-25 07:05:57','2016-07-25 07:05:57'),(11,'charge','bnUAZsaQI6WuOlxOT7cBFYDm8ZxMB6Vi5yzYhbQkGUl9pYO77LqiipsCHkiGqCUFmjWQ9nxIn65','2016-08-31 03:08:16',2,3,9,9,20.30,10.15,NULL,274.05,NULL,NULL,NULL,NULL,NULL,1,'2016-08-03 02:58:16','2016-08-03 02:58:16'),(12,'charge','j9Tb1XhowoqfTEmLJlPFXAkrVXFUCYIHdqqEvjSgbChAtBOsMofB0w9kJe9Su4gNuIAdqY8OgxK','2016-08-03 08:09:12',2,3,7,9,20.30,10.15,15,233.45,'2016-08-03 08:00:33','40001466036',1,'{\"resultCode\":\"Ok\",\"messages\":{\"I00001\":\"Successful.\"},\"transactionResponse\":{\"transactionId\":\"40001466036\",\"responseCode\":\"1\",\"messages\":{\"1\":\"This transaction has been approved.\"}}}','1500220569',1,'2016-08-03 07:59:12','2016-08-03 08:00:33'),(13,'charge','A9Xyk0tUlS2oPQTnJSKLGId2MufPnHKMFfqVudJ4rL3jpgs9UTM4M1P4ppyBBEcRi607XRrREh5','2016-08-03 08:11:39',2,6,8,7,2.00,0.00,NULL,16.00,NULL,NULL,NULL,NULL,NULL,1,'2016-08-03 08:01:39','2016-08-03 08:01:39'),(14,'charge','HwqobNVl3ifsIbvlI94P6E67uLSfUEGjIVURj5VPTFlW1u4iKgQzm7vu5YFtEzHOFz1oDUrlu3w','2016-08-05 07:37:53',1,6,9,9,2.00,0.00,16,18.00,'2016-08-05 07:28:23','40001553373',1,'{\"resultCode\":\"Ok\",\"messages\":{\"I00001\":\"Successful.\"},\"transactionResponse\":{\"transactionId\":\"40001553373\",\"responseCode\":\"1\",\"messages\":{\"1\":\"This transaction has been approved.\"}}}','1500231990',1,'2016-08-05 07:27:53','2016-08-05 07:28:23'),(15,'charge','qDX13XzAc5v3J40dKWjAnjUQwUIUDBK82rHR3DJXV2bMi1YEwjohnJYGrVdDRggW4pbi1uskVRG','2016-08-05 07:41:08',1,6,2,2,2.00,0.00,17,4.00,'2016-08-05 07:32:38','40001554021',1,'{\"resultCode\":\"Ok\",\"messages\":{\"I00001\":\"Successful.\"},\"transactionResponse\":{\"transactionId\":\"40001554021\",\"responseCode\":\"1\",\"messages\":{\"1\":\"This transaction has been approved.\"}}}','1500232165',1,'2016-08-05 07:31:08','2016-08-05 07:32:38'),(16,'charge','E0FVVvrN2oMKlXuXZ1WUpW7yp8qpqcwXI4nCMDNk9mCbFjboTY0nR7t4t0eJR7qOS3NHJTIe8We','2016-08-05 07:46:24',1,6,3,8,2.00,0.00,18,6.00,'2016-08-05 07:37:52','40001554852',1,'{\"resultCode\":\"Ok\",\"messages\":{\"I00001\":\"Successful.\"},\"transactionResponse\":{\"transactionId\":\"40001554852\",\"responseCode\":\"1\",\"messages\":{\"1\":\"This transaction has been approved.\"}}}','1500232165',1,'2016-08-05 07:36:24','2016-08-05 07:37:52'),(17,'charge','NhsPVfJYY2v1TscFlPCKD8Pnm04OC3NFdwg3Q6UGyOLVonp7yapcSIYjNuLGSCAbFvsuplmoNFO','2016-08-31 01:50:56',1,6,9,9,2.00,0.00,19,18.00,'2016-08-08 01:45:24','40001656981',1,'{\"resultCode\":\"Ok\",\"messages\":{\"I00001\":\"Successful.\"},\"transactionResponse\":{\"transactionId\":\"40001656981\",\"responseCode\":\"1\",\"messages\":{\"1\":\"This transaction has been approved.\"}}}','1500232165',1,'2016-08-08 01:40:56','2016-08-08 01:45:24'),(18,'charge','PfGZDuTtTc7xBfZ2hU5jS8cNwTJRryXIn2Bzx2Kwdz1BCh55T2wkwFgQe6yTvnVepMidimRTYZ0','2016-08-08 01:56:16',1,3,9,9,20.30,10.15,20,274.05,'2016-08-08 01:46:45','40001656995',1,'{\"resultCode\":\"Ok\",\"messages\":{\"I00001\":\"Successful.\"},\"transactionResponse\":{\"transactionId\":\"40001656995\",\"responseCode\":\"1\",\"messages\":{\"1\":\"This transaction has been approved.\"}}}','1500237819',1,'2016-08-08 01:46:16','2016-08-08 01:46:45'),(19,'charge','f4afeZ3N3xkIMffvAQufFb5Acv9EWy8hzN7KlBnvokYIA83Gzayk62y5gRPc72jCIBzap2aSDBT','2016-08-31 02:07:19',1,6,9,9,2.00,0.00,21,18.00,'2016-08-09 03:26:33','40001700528',1,'{\"error\":0,\"messages\":{\"api\":[\"Successful.\"]},\"transactionResponse\":{\"transactionId\":\"40001700528\",\"responseCode\":\"1\",\"messages\":{\"1\":\"This transaction has been approved.\"}}}','1500244322',1,'2016-08-09 01:57:19','2016-08-09 03:26:33'),(20,'charge','0BtDZy0kmI08OGdLL8FIfp92H2j4Zf9rqlIU71H3UeuUt0RcURnlJ8euZPs7vWkgtrlwCDwGSmf','2016-08-31 02:58:08',2,3,9,9,20.30,10.15,22,274.05,'2016-08-10 02:55:26','40001730679',1,'{\"resultCode\":\"Ok\",\"messages\":{\"I00001\":\"Successful.\"},\"transactionResponse\":{\"transactionId\":\"40001730679\",\"responseCode\":\"1\",\"messages\":{\"1\":\"This transaction has been approved.\"}}}','1500247379',1,'2016-08-10 02:48:08','2016-08-10 02:55:26'),(21,'charge','JlzeE2SmyLXsmS4tyrWOe73svswE62hpUmrue6IDOBkLRNSVy7T8bZKRVLn5Bla7zA7oAPqxV02','2016-08-10 03:05:59',2,6,2,2,2.00,0.00,23,4.00,'2016-08-10 02:59:39','40001730756',1,'{\"resultCode\":\"Ok\",\"messages\":{\"I00001\":\"Successful.\"},\"transactionResponse\":{\"transactionId\":\"40001730756\",\"responseCode\":\"1\",\"messages\":{\"1\":\"This transaction has been approved.\"}}}','1500247379',1,'2016-08-10 02:55:59','2016-08-10 02:59:39'),(22,'charge','vmALsLFY91y5pwpDx9ej5esPsYueQAotNYD7y9rX0KiCO21pruePDCvy4HAaDq8N11EYilUT0c6','2016-08-10 07:16:38',1,2,9,9,60.40,30.20,24,815.40,'2016-08-10 07:07:37','40001737528',1,'{\"resultCode\":\"Ok\",\"messages\":{\"I00001\":\"Successful.\"},\"transactionResponse\":{\"transactionId\":\"40001737528\",\"responseCode\":\"1\",\"messages\":{\"1\":\"This transaction has been approved.\"}}}','1500232165',1,'2016-08-10 07:06:38','2016-08-10 07:07:37'),(23,'charge','DobSxgZOG4o5bwsbL94jgroakfMu7fIAcuycL8clt1npx9eAUBwcrISfkRuGr493WiQmTxGEH0A','2016-10-31 06:02:45',2,11,9,0,6.00,NULL,25,54.00,'2016-10-03 06:03:42','40003586411',1,'{\"resultCode\":\"Ok\",\"messages\":{\"I00001\":\"Successful.\"},\"transactionResponse\":{\"transactionId\":\"40003586411\",\"responseCode\":\"1\",\"messages\":{\"1\":\"This transaction has been approved.\"}}}','1500247379',1,'2016-10-03 05:52:45','2016-10-03 06:03:42'),(24,'charge','v6I5t0oVoFyNS2Wrg2cc492jW72bJLfu2CbD1l3iweb8vvxukTh2xsixk09z3pioXtDeYswIgbU','2016-10-31 06:17:16',2,1,1,3,100.50,50.25,26,89.00,NULL,NULL,NULL,NULL,NULL,1,'2016-10-03 06:07:16','2016-10-03 06:29:25'),(26,'refund',NULL,'0000-00-00 00:00:00',2,3,9,9,20.30,10.15,22,274.05,'2016-10-03 08:14:59',NULL,1,'{\"resultCode\":\"Ok\",\"messages\":{\"I00001\":\"Successful.\"},\"transactionResponse\":{\"transactionId\":\"40003588486\",\"responseCode\":\"1\",\"messages\":{\"1\":\"This transaction has been approved.\"}}}','1500247379',1,'2016-10-03 08:14:57','2016-10-03 08:14:59'),(27,'charge','G7R2TQOsoFfIhQRqvbYb5jN3lBesRdsJkQVhuiPXm5fbzRpoXqNZ03kERSwDRwVMGVe0CsJwlNu','2016-10-31 02:45:30',2,17,9,0,6.00,NULL,32,54.00,'2016-10-06 02:54:03','40003636123',1,'{\"resultCode\":\"Ok\",\"messages\":{\"I00001\":\"Successful.\"},\"transactionResponse\":{\"transactionId\":\"40003636123\",\"responseCode\":\"1\",\"messages\":{\"1\":\"This transaction has been approved.\"}}}','1500247379',1,'2016-10-06 02:35:30','2016-10-06 02:54:03'),(28,'charge','V9lfIsEdGRetOM3WsRbdrV274oTZ7Pdf1b8uzII9tFOxH2ct0riWHdiCVrgov7ucEr5XTIwK94r','2016-10-06 03:12:31',2,1,6,9,100.50,50.25,33,1055.25,'2016-10-06 03:02:54','40003636158',1,'{\"resultCode\":\"Ok\",\"messages\":{\"I00001\":\"Successful.\"},\"transactionResponse\":{\"transactionId\":\"40003636158\",\"responseCode\":\"1\",\"messages\":{\"1\":\"This transaction has been approved.\"}}}','1500247379',1,'2016-10-06 03:02:31','2016-10-06 03:02:54'),(29,'charge','KwFEGDYEsRLaDPBjoYdDB8E8Gf0Tcwtyld015eliRf1LQhjHtDuHGF9pe2xi0mEbri3eQHDmqxs','2016-12-14 07:48:04',1,20,4,0,6.00,NULL,35,24.00,'2016-12-06 08:12:18','60011771651',1,'{\"resultCode\":\"Ok\",\"messages\":{\"I00001\":\"Successful.\"},\"transactionResponse\":{\"transactionId\":\"60011771651\",\"responseCode\":\"1\",\"messages\":{\"1\":\"This transaction has been approved.\"}}}','1802694800',1,'2016-12-06 07:38:04','2016-12-06 08:12:18'),(30,'charge','LofruKn9drcW6NAEfu4Bau7TPpYRQK2SGt0HFd0gsioRUzyXcnMrntTumUmhLb0I48pJrILmwSV','2016-12-21 09:36:13',3,9,9,0,6.00,NULL,36,54.00,'2016-12-21 09:26:51','60013194328',1,'{\"resultCode\":\"Ok\",\"messages\":{\"I00001\":\"Successful.\"},\"transactionResponse\":{\"transactionId\":\"60013194328\",\"responseCode\":\"1\",\"messages\":{\"1\":\"This transaction has been approved.\"}}}','1500232165',1,'2016-12-21 09:26:12','2016-12-21 09:26:51'),(31,'charge','r9hIzAT9wTRMXmM00V0RNZ0LqpS50cBdC1d1CynKzbf6Y08gNEjcvHdNHz2CmWeAd5cPq1brQU4','2016-12-21 09:42:52',2,9,2,0,6.00,NULL,37,12.00,'2016-12-21 09:33:15','60013194836',1,'{\"resultCode\":\"Ok\",\"messages\":{\"I00001\":\"Successful.\"},\"transactionResponse\":{\"transactionId\":\"60013194836\",\"responseCode\":\"1\",\"messages\":{\"1\":\"This transaction has been approved.\"}}}','1500247379',1,'2016-12-21 09:32:52','2016-12-21 09:33:15'),(32,'charge','HJq0rOlfnavIp8rTXhNmzkNaXHZPs2y00HKJp5egrAorydeCwfmHJMuZQ3HPPdSFEPySE8eu5Em','2016-12-29 09:46:27',2,3,5,0,20.30,10.15,38,101.50,'2016-12-21 09:48:19','60013195391',1,'{\"resultCode\":\"Ok\",\"messages\":{\"I00001\":\"Successful.\"},\"transactionResponse\":{\"transactionId\":\"60013195391\",\"responseCode\":\"1\",\"messages\":{\"1\":\"This transaction has been approved.\"}}}','1500247379',1,'2016-12-21 09:36:27','2016-12-21 09:48:19'),(33,'charge','n3gz8A3i0rOCFcgSX65fT1MUFNN59ixqi8UasLGsf9SyVNtZORTmt15GcropMgZ8MvGkCP2cezP','2016-12-21 09:59:11',2,3,0,6,20.30,10.15,39,60.90,'2016-12-21 09:49:30','60013195452',1,'{\"resultCode\":\"Ok\",\"messages\":{\"I00001\":\"Successful.\"},\"transactionResponse\":{\"transactionId\":\"60013195452\",\"responseCode\":\"1\",\"messages\":{\"1\":\"This transaction has been approved.\"}}}','1500247379',1,'2016-12-21 09:49:11','2016-12-21 09:49:30'),(34,'charge','W1qSeMyveU03xyijb1QCq9J0kAsFOhb778db4yRoJMjAhfKs96ULa2SwpQ6oWoQXMFo7wsfLHHR','2016-12-21 09:59:52',2,3,2,2,20.30,10.15,40,60.90,'2016-12-21 09:50:11','60013195523',1,'{\"resultCode\":\"Ok\",\"messages\":{\"I00001\":\"Successful.\"},\"transactionResponse\":{\"transactionId\":\"60013195523\",\"responseCode\":\"1\",\"messages\":{\"1\":\"This transaction has been approved.\"}}}','1500247379',1,'2016-12-21 09:49:52','2016-12-21 09:50:11'),(35,'charge','cra9Q8i9M6QuxtB4G8tE9jf9EMiBm1dfqMeWiHbEcl95rPvFhUGJQvOFPKBBrv1RroB9gxDxUzX','2016-12-21 10:00:33',2,9,2,0,6.00,NULL,41,12.00,'2016-12-21 09:50:57','60013195535',1,'{\"resultCode\":\"Ok\",\"messages\":{\"I00001\":\"Successful.\"},\"transactionResponse\":{\"transactionId\":\"60013195535\",\"responseCode\":\"1\",\"messages\":{\"1\":\"This transaction has been approved.\"}}}','1500247379',1,'2016-12-21 09:50:33','2016-12-21 09:50:57'),(36,'charge','VIzL3iPhllGEl1kATiSC5TegHR4p23p2S7mjGif5ocMVrfUB98645Ru2eavT7f6WhWhsa8K2tEc','2016-12-21 10:07:35',2,3,2,0,20.30,10.15,42,40.60,'2016-12-21 09:57:55','60013195732',1,'{\"resultCode\":\"Ok\",\"messages\":{\"I00001\":\"Successful.\"},\"transactionResponse\":{\"transactionId\":\"60013195732\",\"responseCode\":\"1\",\"messages\":{\"1\":\"This transaction has been approved.\"}}}','1500247379',1,'2016-12-21 09:57:35','2016-12-21 09:57:55'),(37,'charge','6XXcKKapscVLTKLEygZSLYz9aDWms39CJfIvuN40BnCuyym9Hd4hLPfUe60ou3096B1iY5GrPbR','2016-12-21 10:09:01',2,3,0,8,20.30,10.15,43,81.20,'2016-12-21 09:59:17','60013195885',1,'{\"resultCode\":\"Ok\",\"messages\":{\"I00001\":\"Successful.\"},\"transactionResponse\":{\"transactionId\":\"60013195885\",\"responseCode\":\"1\",\"messages\":{\"1\":\"This transaction has been approved.\"}}}','1500247379',1,'2016-12-21 09:59:01','2016-12-21 09:59:17');
/*!40000 ALTER TABLE `payments` ENABLE KEYS */;
UNLOCK TABLES;

--
-- Table structure for table `purchase_histories`
--

DROP TABLE IF EXISTS `purchase_histories`;
/*!40101 SET @saved_cs_client     = @@character_set_client */;
/*!40101 SET character_set_client = utf8 */;
CREATE TABLE `purchase_histories` (
  `id` int(10) unsigned NOT NULL AUTO_INCREMENT,
  `ticket_id` int(11) NOT NULL,
  `user_ticket_id` int(11) NOT NULL,
  `adult_num` int(11) NOT NULL,
  `child_num` int(11) NOT NULL,
  `amount` double(8,2) NOT NULL,
  `purchase_date` datetime NOT NULL,
  `valid` tinyint(1) NOT NULL DEFAULT '1',
  `created_at` datetime NOT NULL,
  `updated_at` datetime NOT NULL,
  PRIMARY KEY (`id`)
) ENGINE=InnoDB DEFAULT CHARSET=utf8 COLLATE=utf8_unicode_ci;
/*!40101 SET character_set_client = @saved_cs_client */;

--
-- Dumping data for table `purchase_histories`
--

LOCK TABLES `purchase_histories` WRITE;
/*!40000 ALTER TABLE `purchase_histories` DISABLE KEYS */;
/*!40000 ALTER TABLE `purchase_histories` ENABLE KEYS */;
UNLOCK TABLES;

--
-- Table structure for table `split_histories`
--

DROP TABLE IF EXISTS `split_histories`;
/*!40101 SET @saved_cs_client     = @@character_set_client */;
/*!40101 SET character_set_client = utf8 */;
CREATE TABLE `split_histories` (
  `id` int(10) unsigned NOT NULL AUTO_INCREMENT,
  `user_ticket_id` int(11) NOT NULL,
  `adult_num` int(11) NOT NULL,
  `child_num` int(11) NOT NULL,
  `splitted_date` datetime NOT NULL,
  `issued_ticket_id` int(11) NOT NULL,
  `valid` tinyint(1) NOT NULL DEFAULT '1',
  `created_at` datetime NOT NULL,
  `updated_at` datetime NOT NULL,
  PRIMARY KEY (`id`)
) ENGINE=InnoDB AUTO_INCREMENT=7 DEFAULT CHARSET=utf8 COLLATE=utf8_unicode_ci;
/*!40101 SET character_set_client = @saved_cs_client */;

--
-- Dumping data for table `split_histories`
--

LOCK TABLES `split_histories` WRITE;
/*!40000 ALTER TABLE `split_histories` DISABLE KEYS */;
INSERT INTO `split_histories` VALUES (1,1,1,1,'2016-07-19 09:15:22',2,1,'2016-07-19 09:15:22','2016-07-19 09:15:22'),(2,1,1,1,'2016-07-19 09:44:13',3,1,'2016-07-19 09:44:13','2016-07-19 09:44:13'),(3,1,1,1,'2016-07-19 09:53:12',4,1,'2016-07-19 09:53:12','2016-07-19 09:53:12'),(4,1,1,1,'2016-07-19 09:54:21',5,1,'2016-07-19 09:54:21','2016-07-19 09:54:21'),(5,1,1,1,'2016-07-20 02:57:10',6,1,'2016-07-20 02:57:10','2016-07-20 02:57:10'),(6,8,1,1,'2016-07-20 03:03:47',7,1,'2016-07-20 03:03:47','2016-07-20 03:03:47');
/*!40000 ALTER TABLE `split_histories` ENABLE KEYS */;
UNLOCK TABLES;

--
-- Table structure for table `tickets`
--

DROP TABLE IF EXISTS `tickets`;
/*!40101 SET @saved_cs_client     = @@character_set_client */;
/*!40101 SET character_set_client = utf8 */;
CREATE TABLE `tickets` (
  `id` int(10) unsigned NOT NULL AUTO_INCREMENT,
  `name_ja` varchar(255) COLLATE utf8_unicode_ci NOT NULL,
  `description_ja` text COLLATE utf8_unicode_ci NOT NULL,
  `name_en` varchar(255) COLLATE utf8_unicode_ci NOT NULL,
  `description_en` text COLLATE utf8_unicode_ci NOT NULL,
  `image_url` varchar(255) COLLATE utf8_unicode_ci NOT NULL,
  `adult_price` double(8,2) DEFAULT '0.00',
  `child_price` double(8,2) DEFAULT '0.00',
  `type` varchar(255) COLLATE utf8_unicode_ci NOT NULL,
  `duration` int(11) NOT NULL,
  `color` varchar(20) COLLATE utf8_unicode_ci NOT NULL,
  `recommended` tinyint(1) NOT NULL DEFAULT '1',
  `valid` tinyint(1) NOT NULL DEFAULT '1',
  `created_at` datetime NOT NULL,
  `updated_at` datetime NOT NULL,
  PRIMARY KEY (`id`)
) ENGINE=InnoDB AUTO_INCREMENT=55 DEFAULT CHARSET=utf8 COLLATE=utf8_unicode_ci;
/*!40101 SET character_set_client = @saved_cs_client */;

--
-- Dumping data for table `tickets`
--

LOCK TABLES `tickets` WRITE;
/*!40000 ALTER TABLE `tickets` DISABLE KEYS */;
INSERT INTO `tickets` VALUES (1,'１日チケット','１日間有効なチケットです。','1 day ticket','This ticket is available for 1 day.','/images/tickets/lamcar-1471850455.jpg',100.50,50.25,'day',1,'green',1,1,'2016-02-22 18:56:07','2016-08-23 02:57:01'),(2,'２日チケット','２日間有効なチケットです。','2 days ticket','This ticket is available for 2 days.','http://lamlam.ipplocal/images/tickets/twodays.png',60.40,30.20,'day',2,'yellow',0,1,'2016-02-22 18:56:11','2016-08-23 03:48:30'),(3,'５日チケット','５日間有効なチケットです。','5 days ticket','This ticket is available for 5 days.','http://lamlam.ipplocal/images/tickets/fivedays.png',20.30,10.15,'day',5,'blue',1,1,'2016-02-22 18:56:07','2016-02-22 18:56:13'),(4,'１時間チケット','１時間有効なチケットです。','1 hour ticket','This ticket is available for 1 hour.','http://lamlam.ipplocal/images/tickets/timepass.png',10.20,0.00,'time',1,'green',0,1,'2016-02-22 18:56:11','2016-02-22 18:56:15'),(5,'３時間チケット','３時間有効なチケットです。','3 hours ticket','This ticket is available for 3 hours.','http://lamlam.ipplocal/images/tickets/timepass.png',6.10,0.00,'time',3,'yellow',0,1,'2016-02-22 18:56:07','2016-02-22 18:56:13'),(6,'５時間チケット','５時間有効なチケットです。','5 hours ticket','This ticket is available for 5 hours.','http://lamlam.ipplocal/images/tickets/timepass.png',NULL,NULL,'time',5,'blue',1,1,'2016-02-22 18:56:07','2016-02-22 18:56:13'),(7,'6時間チケット','6時間有効なチケットです。','6 hours ticket','This ticket is available for 6 hours.','http://lamlam.ipplocal/images/tickets/timepass.png',2.00,0.00,'time',5,'blue',1,1,'2016-08-10 18:56:07','2016-08-10 18:56:07'),(8,'$B#7;~4V%A%1%C%H(B','$B#6;~4VM-8z$J%A%1%C%H$G$9!#(B','7 hours ticket','This ticket is available for 7 hours.','/images/tickets/timepass.png',NULL,NULL,'time',7,'blue',1,1,'0000-00-00 00:00:00','0000-00-00 00:00:00'),(9,'$B#8;~4V%A%1%C%H(B','$B#6;~4VM-8z$J%A%1%C%H$G$9!#(B','8 hours ticket','This ticket is available for 8 hours.','/images/tickets/timepass.png',6.00,NULL,'time',8,'blue',1,1,'0000-00-00 00:00:00','0000-00-00 00:00:00'),(10,'$B#9;~4V%A%1%C%H(B','$B#6;~4VM-8z$J%A%1%C%H$G$9!#(B','9 hours ticket','This ticket is available for 9 hours.','/images/tickets/timepass.png',6.00,NULL,'time',9,'blue',1,1,'0000-00-00 00:00:00','0000-00-00 00:00:00'),(11,'$B#10;~4V%A%1%C%H(B','$B#6;~4VM-8z$J%A%1%C%H$G$9!#(B','10 hours ticket','This ticket is available for 10 hours.','/images/tickets/timepass.png',6.00,NULL,'time',10,'blue',1,1,'0000-00-00 00:00:00','0000-00-00 00:00:00'),(12,'$B#11;~4V%A%1%C%H(B','$B#6;~4VM-8z$J%A%1%C%H$G$9!#(B','11 hours ticket','This ticket is available for 11 hours.','/images/tickets/timepass.png',6.00,NULL,'time',11,'blue',1,1,'0000-00-00 00:00:00','0000-00-00 00:00:00'),(13,'$B#12;~4V%A%1%C%H(B','$B#6;~4VM-8z$J%A%1%C%H$G$9!#(B','12 hours ticket','This ticket is available for 12 hours.','/images/tickets/timepass.png',6.00,NULL,'time',12,'blue',1,1,'0000-00-00 00:00:00','0000-00-00 00:00:00'),(14,'$B#13;~4V%A%1%C%H(B','$B#6;~4VM-8z$J%A%1%C%H$G$9!#(B','13 hours ticket','This ticket is available for 13 hours.','/images/tickets/timepass.png',6.00,NULL,'time',13,'blue',1,1,'0000-00-00 00:00:00','0000-00-00 00:00:00'),(15,'$B#14;~4V%A%1%C%H(B','$B#6;~4VM-8z$J%A%1%C%H$G$9!#(B','14 hours ticket','This ticket is available for 14 hours.','/images/tickets/timepass.png',6.00,NULL,'time',14,'blue',1,1,'0000-00-00 00:00:00','2016-08-23 02:48:39'),(16,'$B#15;~4V%A%1%C%H(B','$B#6;~4VM-8z$J%A%1%C%H$G$9!#(B','15 hours ticket','This ticket is available for 15 hours.','/images/tickets/timepass.png',6.00,NULL,'time',15,'blue',1,1,'0000-00-00 00:00:00','0000-00-00 00:00:00'),(17,'$B#16;~4V%A%1%C%H(B','$B#6;~4VM-8z$J%A%1%C%H$G$9!#(B','16 hours ticket','This ticket is available for 16 hours.','/images/tickets/timepass.png',6.00,NULL,'time',16,'blue',1,1,'0000-00-00 00:00:00','0000-00-00 00:00:00'),(18,'$B#17;~4V%A%1%C%H(B','$B#6;~4VM-8z$J%A%1%C%H$G$9!#(B','17 hours ticket','This ticket is available for 17 hours.','/images/tickets/timepass.png',6.00,NULL,'time',17,'blue',1,1,'0000-00-00 00:00:00','0000-00-00 00:00:00'),(19,'$B#18;~4V%A%1%C%H(B','$B#6;~4VM-8z$J%A%1%C%H$G$9!#(B','18 hours ticket','This ticket is available for 18 hours.','/images/tickets/timepass.png',6.00,NULL,'time',18,'blue',1,1,'0000-00-00 00:00:00','0000-00-00 00:00:00'),(20,'$B#19;~4V%A%1%C%H(B','$B#6;~4VM-8z$J%A%1%C%H$G$9!#(B','19 hours ticket','This ticket is available for 19 hours.','/images/tickets/timepass.png',6.00,NULL,'time',19,'blue',1,1,'0000-00-00 00:00:00','0000-00-00 00:00:00'),(21,'$B#20;~4V%A%1%C%H(B','$B#6;~4VM-8z$J%A%1%C%H$G$9!#(B','20 hours ticket','This ticket is available for 20 hours.','/images/tickets/timepass.png',6.00,NULL,'time',20,'blue',1,1,'0000-00-00 00:00:00','0000-00-00 00:00:00'),(22,'$B#21;~4V%A%1%C%H(B','$B#6;~4VM-8z$J%A%1%C%H$G$9!#(B','21 hours ticket','This ticket is available for 21 hours.','/images/tickets/timepass.png',6.00,NULL,'time',21,'blue',1,1,'0000-00-00 00:00:00','0000-00-00 00:00:00'),(23,'$B#22;~4V%A%1%C%H(B','$B#6;~4VM-8z$J%A%1%C%H$G$9!#(B','22 hours ticket','This ticket is available for 22 hours.','/images/tickets/timepass.png',6.00,NULL,'time',22,'blue',1,1,'0000-00-00 00:00:00','0000-00-00 00:00:00'),(24,'$B#23;~4V%A%1%C%H(B','$B#6;~4VM-8z$J%A%1%C%H$G$9!#(B','23 hours ticket','This ticket is available for 23 hours.','/images/tickets/timepass.png',6.00,NULL,'time',23,'blue',1,1,'0000-00-00 00:00:00','0000-00-00 00:00:00'),(25,'$B#24;~4V%A%1%C%H(B','$B#6;~4VM-8z$J%A%1%C%H$G$9!#(B','24 hours ticket','This ticket is available for 24 hours.','/images/tickets/timepass.png',6.00,NULL,'time',24,'blue',1,1,'0000-00-00 00:00:00','0000-00-00 00:00:00'),(26,'$B#25;~4V%A%1%C%H(B','$B#6;~4VM-8z$J%A%1%C%H$G$9!#(B','25 hours ticket','This ticket is available for 25 hours.','/images/tickets/timepass.png',6.00,NULL,'time',25,'blue',1,1,'0000-00-00 00:00:00','0000-00-00 00:00:00'),(27,'$B#26;~4V%A%1%C%H(B','$B#6;~4VM-8z$J%A%1%C%H$G$9!#(B','26 hours ticket','This ticket is available for 26 hours.','/images/tickets/timepass.png',6.00,NULL,'time',26,'blue',1,1,'0000-00-00 00:00:00','0000-00-00 00:00:00'),(28,'$B#27;~4V%A%1%C%H(B','$B#6;~4VM-8z$J%A%1%C%H$G$9!#(B','27 hours ticket','This ticket is available for 27 hours.','/images/tickets/timepass.png',6.00,NULL,'time',27,'blue',1,1,'0000-00-00 00:00:00','0000-00-00 00:00:00'),(29,'$B#28;~4V%A%1%C%H(B','$B#6;~4VM-8z$J%A%1%C%H$G$9!#(B','28 hours ticket','This ticket is available for 28 hours.','/images/tickets/timepass.png',6.00,NULL,'time',28,'blue',1,1,'0000-00-00 00:00:00','0000-00-00 00:00:00'),(30,'$B#29;~4V%A%1%C%H(B','$B#6;~4VM-8z$J%A%1%C%H$G$9!#(B','29 hours ticket','This ticket is available for 29 hours.','/images/tickets/timepass.png',6.00,NULL,'time',29,'blue',1,1,'0000-00-00 00:00:00','0000-00-00 00:00:00'),(31,'$B#30;~4V%A%1%C%H(B','$B#6;~4VM-8z$J%A%1%C%H$G$9!#(B','30 hours ticket','This ticket is available for 30 hours.','/images/tickets/timepass.png',6.00,NULL,'time',30,'blue',1,1,'0000-00-00 00:00:00','0000-00-00 00:00:00'),(32,'$B#31;~4V%A%1%C%H(B','$B#6;~4VM-8z$J%A%1%C%H$G$9!#(B','31 hours ticket','This ticket is available for 31 hours.','/images/tickets/timepass.png',6.00,NULL,'time',31,'blue',1,1,'0000-00-00 00:00:00','0000-00-00 00:00:00'),(33,'$B#32;~4V%A%1%C%H(B','$B#6;~4VM-8z$J%A%1%C%H$G$9!#(B','32 hours ticket','This ticket is available for 32 hours.','/images/tickets/timepass.png',6.00,NULL,'time',32,'blue',1,1,'0000-00-00 00:00:00','0000-00-00 00:00:00'),(34,'$B#33;~4V%A%1%C%H(B','$B#6;~4VM-8z$J%A%1%C%H$G$9!#(B','33 hours ticket','This ticket is available for 33 hours.','/images/tickets/timepass.png',6.00,NULL,'time',33,'blue',1,1,'0000-00-00 00:00:00','0000-00-00 00:00:00'),(35,'$B#34;~4V%A%1%C%H(B','$B#6;~4VM-8z$J%A%1%C%H$G$9!#(B','34 hours ticket','This ticket is available for 34 hours.','/images/tickets/timepass.png',6.00,NULL,'time',34,'blue',1,1,'0000-00-00 00:00:00','0000-00-00 00:00:00'),(36,'$B#35;~4V%A%1%C%H(B','$B#6;~4VM-8z$J%A%1%C%H$G$9!#(B','35 hours ticket','This ticket is available for 35 hours.','/images/tickets/timepass.png',6.00,NULL,'time',35,'blue',1,1,'0000-00-00 00:00:00','0000-00-00 00:00:00'),(37,'$B#36;~4V%A%1%C%H(B','$B#6;~4VM-8z$J%A%1%C%H$G$9!#(B','36 hours ticket','This ticket is available for 36 hours.','/images/tickets/timepass.png',6.00,NULL,'time',36,'blue',1,1,'0000-00-00 00:00:00','0000-00-00 00:00:00'),(38,'$B#37;~4V%A%1%C%H(B','$B#6;~4VM-8z$J%A%1%C%H$G$9!#(B','37 hours ticket','This ticket is available for 37 hours.','/images/tickets/timepass.png',6.00,NULL,'time',37,'blue',1,1,'0000-00-00 00:00:00','0000-00-00 00:00:00'),(39,'$B#38;~4V%A%1%C%H(B','$B#6;~4VM-8z$J%A%1%C%H$G$9!#(B','38 hours ticket','This ticket is available for 38 hours.','/images/tickets/timepass.png',6.00,NULL,'time',38,'blue',1,1,'0000-00-00 00:00:00','0000-00-00 00:00:00'),(40,'$B#39;~4V%A%1%C%H(B','$B#6;~4VM-8z$J%A%1%C%H$G$9!#(B','39 hours ticket','This ticket is available for 39 hours.','/images/tickets/timepass.png',6.00,NULL,'time',39,'blue',1,1,'0000-00-00 00:00:00','0000-00-00 00:00:00'),(41,'$B#40;~4V%A%1%C%H(B','$B#6;~4VM-8z$J%A%1%C%H$G$9!#(B','40 hours ticket','This ticket is available for 40 hours.','/images/tickets/timepass.png',6.00,NULL,'time',40,'blue',1,1,'0000-00-00 00:00:00','0000-00-00 00:00:00'),(42,'$B#41;~4V%A%1%C%H(B','$B#6;~4VM-8z$J%A%1%C%H$G$9!#(B','41 hours ticket','This ticket is available for 41 hours.','/images/tickets/timepass.png',6.00,NULL,'time',41,'blue',1,1,'0000-00-00 00:00:00','0000-00-00 00:00:00'),(43,'$B#42;~4V%A%1%C%H(B','$B#6;~4VM-8z$J%A%1%C%H$G$9!#(B','42 hours ticket','This ticket is available for 42 hours.','/images/tickets/timepass.png',6.00,NULL,'time',42,'blue',1,1,'0000-00-00 00:00:00','0000-00-00 00:00:00'),(44,'$B#43;~4V%A%1%C%H(B','$B#6;~4VM-8z$J%A%1%C%H$G$9!#(B','43 hours ticket','This ticket is available for 43 hours.','/images/tickets/timepass.png',6.00,NULL,'time',43,'blue',1,1,'0000-00-00 00:00:00','0000-00-00 00:00:00'),(45,'$B#44;~4V%A%1%C%H(B','$B#6;~4VM-8z$J%A%1%C%H$G$9!#(B','44 hours ticket','This ticket is available for 44 hours.','/images/tickets/timepass.png',6.00,NULL,'time',44,'blue',1,1,'0000-00-00 00:00:00','0000-00-00 00:00:00'),(46,'$B#45;~4V%A%1%C%H(B','$B#6;~4VM-8z$J%A%1%C%H$G$9!#(B','45 hours ticket','This ticket is available for 45 hours.','/images/tickets/timepass.png',6.00,NULL,'time',45,'blue',1,1,'0000-00-00 00:00:00','0000-00-00 00:00:00'),(47,'$B#46;~4V%A%1%C%H(B','$B#6;~4VM-8z$J%A%1%C%H$G$9!#(B','46 hours ticket','This ticket is available for 46 hours.','/images/tickets/timepass.png',6.00,NULL,'time',46,'blue',1,1,'0000-00-00 00:00:00','0000-00-00 00:00:00'),(48,'$B#47;~4V%A%1%C%H(B','$B#6;~4VM-8z$J%A%1%C%H$G$9!#(B','47 hours ticket','This ticket is available for 47 hours.','/images/tickets/timepass.png',6.00,NULL,'time',47,'blue',1,1,'0000-00-00 00:00:00','0000-00-00 00:00:00'),(49,'$B#48;~4V%A%1%C%H(B','$B#6;~4VM-8z$J%A%1%C%H$G$9!#(B','48 hours ticket','This ticket is available for 48 hours.','/images/tickets/timepass.png',6.00,NULL,'time',48,'blue',1,1,'0000-00-00 00:00:00','0000-00-00 00:00:00'),(50,'$B#49;~4V%A%1%C%H(B','$B#6;~4VM-8z$J%A%1%C%H$G$9!#(B','49 hours ticket','This ticket is available for 49 hours.','/images/tickets/timepass.png',6.00,NULL,'time',49,'blue',1,1,'0000-00-00 00:00:00','0000-00-00 00:00:00'),(51,'$B#50;~4V%A%1%C%H(B','$B#6;~4VM-8z$J%A%1%C%H$G$9!#(B','50 hours ticket','This ticket is available for 50 hours.','/images/tickets/timepass.png',6.00,NULL,'time',50,'blue',1,1,'0000-00-00 00:00:00','0000-00-00 00:00:00'),(52,'asdfa','asdf','6 hours ticket','asdf','',0.00,0.00,'day',6,'yellow',1,1,'2016-08-11 06:56:18','2016-08-15 06:04:53'),(53,'asdf','asdf','asdf','asdf','C:\\xampp\\htdocs\\git-lamlam-admin-web\\public/images/tickets/lamcar-1471239901.jpg',12.00,21.00,'day',12,'asdfad',1,0,'2016-08-15 05:45:01','2016-08-15 05:47:53'),(54,'7 hours ticket','7 hours ticket','7 hours ticket','7 hours ticket','/images/tickets/lamcar-1471850539.jpg',0.00,0.00,'time',2,'blue',1,1,'2016-08-22 07:22:19','2016-08-22 07:22:19');
/*!40000 ALTER TABLE `tickets` ENABLE KEYS */;
UNLOCK TABLES;

--
-- Table structure for table `user_tickets`
--

DROP TABLE IF EXISTS `user_tickets`;
/*!40101 SET @saved_cs_client     = @@character_set_client */;
/*!40101 SET character_set_client = utf8 */;
CREATE TABLE `user_tickets` (
  `id` int(10) unsigned NOT NULL AUTO_INCREMENT,
  `user_id` int(11) NOT NULL,
  `ticket_id` int(11) NOT NULL,
  `adult_num` int(11) NOT NULL,
  `child_num` int(11) NOT NULL,
  `started_date` datetime DEFAULT NULL,
  `expired_date` datetime DEFAULT NULL,
  `purchase_date` datetime DEFAULT NULL,
  `received_date` datetime DEFAULT NULL,
  `valid` tinyint(1) NOT NULL DEFAULT '1',
  `created_at` datetime NOT NULL,
  `updated_at` datetime NOT NULL,
  PRIMARY KEY (`id`)
) ENGINE=InnoDB AUTO_INCREMENT=44 DEFAULT CHARSET=utf8 COLLATE=utf8_unicode_ci;
/*!40101 SET character_set_client = @saved_cs_client */;

--
-- Dumping data for table `user_tickets`
--

LOCK TABLES `user_tickets` WRITE;
/*!40000 ALTER TABLE `user_tickets` DISABLE KEYS */;
INSERT INTO `user_tickets` VALUES (1,1,3,4,4,'2016-07-19 09:56:53','2016-07-24 09:56:53','2016-07-19 00:00:00',NULL,1,'2016-07-19 00:00:00','2016-07-20 02:57:10'),(5,1,4,1,0,'2016-07-20 02:59:34','2016-07-20 03:59:34',NULL,'2016-07-20 02:50:07',1,'2016-07-20 02:50:07','2016-07-20 02:59:34'),(6,1,3,1,1,'2016-07-20 03:49:21','2016-07-25 03:49:21',NULL,'2016-07-20 02:58:59',1,'2016-07-20 02:58:59','2016-07-20 03:49:21'),(8,1,3,0,0,'2016-07-19 09:56:53','2016-07-24 09:56:53','2016-07-19 00:00:00','2016-07-20 03:03:24',1,'2016-07-20 03:03:24','2016-07-20 03:03:47'),(9,1,6,9,9,NULL,NULL,'2016-07-20 00:00:00',NULL,1,'2016-07-20 00:00:00','2016-07-20 03:48:51'),(10,1,3,9,9,NULL,NULL,'2016-07-21 03:25:29',NULL,0,'2016-07-21 03:25:29','2016-07-25 05:48:48'),(11,1,6,2,2,NULL,NULL,'2016-07-21 08:43:53',NULL,0,'2016-07-21 08:43:53','2016-07-21 09:12:08'),(12,1,6,9,6,NULL,NULL,'2016-07-25 06:08:21',NULL,1,'2016-07-25 06:08:21','2016-07-25 06:08:21'),(13,1,6,1,6,NULL,NULL,'2016-07-25 06:11:08',NULL,1,'2016-07-25 06:11:08','2016-07-25 06:11:08'),(14,1,6,1,2,'2016-07-26 02:42:52','2016-07-26 07:42:52','2016-07-25 06:16:40',NULL,1,'2016-07-25 06:16:40','2016-07-26 02:42:52'),(15,2,3,7,9,NULL,NULL,'2016-08-03 08:00:33',NULL,1,'2016-08-03 08:00:33','2016-08-03 08:00:33'),(16,1,6,9,9,NULL,NULL,'2016-08-05 07:28:23',NULL,1,'2016-08-05 07:28:23','2016-08-05 07:28:23'),(17,1,6,2,2,NULL,NULL,'2016-08-05 07:32:38',NULL,1,'2016-08-05 07:32:38','2016-08-05 07:32:38'),(18,1,6,3,8,NULL,NULL,'2016-08-05 07:37:52',NULL,1,'2016-08-05 07:37:52','2016-08-05 07:37:52'),(19,1,6,9,9,NULL,NULL,'2016-08-08 01:45:24',NULL,1,'2016-08-08 01:45:24','2016-08-08 01:45:24'),(20,1,3,9,9,NULL,NULL,'2016-08-08 01:46:45',NULL,1,'2016-08-08 01:46:45','2016-08-08 01:46:45'),(21,1,6,9,9,NULL,NULL,'2016-08-09 03:26:33',NULL,1,'2016-08-09 03:26:33','2016-08-09 03:26:33'),(22,2,3,9,9,NULL,NULL,'2016-08-10 02:55:26',NULL,0,'2016-08-10 02:55:26','2016-10-03 08:14:59'),(23,2,6,2,2,NULL,NULL,'2016-08-10 02:59:39',NULL,1,'2016-08-10 02:59:39','2016-08-10 02:59:39'),(24,1,2,9,9,NULL,NULL,'2016-08-10 07:07:37',NULL,1,'2016-08-10 07:07:37','2016-08-10 07:07:37'),(25,2,11,9,0,NULL,NULL,'2016-10-03 06:03:42',NULL,1,'2016-10-03 06:03:42','2016-10-03 06:03:42'),(26,2,1,1,1,NULL,NULL,'2016-10-03 06:03:42',NULL,1,'2016-10-03 06:09:28','2016-10-03 06:09:28'),(27,2,1,1,3,NULL,NULL,'2016-10-03 07:36:46',NULL,1,'2016-10-03 07:36:46','2016-10-03 07:36:46'),(28,2,1,1,3,NULL,NULL,'2016-10-03 07:38:39',NULL,1,'2016-10-03 07:38:39','2016-10-03 07:38:39'),(29,2,1,1,3,NULL,NULL,'2016-10-03 07:42:20',NULL,1,'2016-10-03 07:42:20','2016-10-03 07:42:20'),(30,2,1,1,3,NULL,NULL,'2016-10-03 07:44:28',NULL,1,'2016-10-03 07:44:28','2016-10-03 07:44:28'),(31,2,1,1,3,NULL,NULL,'2016-10-03 07:49:04',NULL,1,'2016-10-03 07:49:04','2016-10-03 07:49:04'),(32,2,17,9,0,NULL,NULL,'2016-10-06 02:54:03',NULL,1,'2016-10-06 02:54:03','2016-10-06 02:54:03'),(33,2,1,6,9,NULL,NULL,'2016-10-06 03:02:54',NULL,1,'2016-10-06 03:02:54','2016-10-06 03:02:54'),(34,3,1,9,8,NULL,NULL,NULL,'2016-11-24 05:35:20',1,'2016-11-24 05:35:20','2016-11-24 05:35:20'),(35,1,20,4,0,NULL,NULL,'2016-12-06 08:12:18',NULL,1,'2016-12-06 08:12:18','2016-12-06 08:12:18'),(36,3,9,9,0,NULL,NULL,'2016-12-21 09:26:51',NULL,1,'2016-12-21 09:26:51','2016-12-21 09:26:51'),(37,2,9,2,0,NULL,NULL,'2016-12-21 09:33:15',NULL,1,'2016-12-21 09:33:15','2016-12-21 09:33:15'),(38,2,3,5,0,NULL,NULL,'2016-12-21 09:48:19',NULL,1,'2016-12-21 09:48:19','2016-12-21 09:48:19'),(39,2,3,0,6,NULL,NULL,'2016-12-21 09:49:30',NULL,1,'2016-12-21 09:49:30','2016-12-21 09:49:30'),(40,2,3,2,2,NULL,NULL,'2016-12-21 09:50:11',NULL,1,'2016-12-21 09:50:11','2016-12-21 09:50:11'),(41,2,9,2,0,NULL,NULL,'2016-12-21 09:50:57',NULL,1,'2016-12-21 09:50:57','2016-12-21 09:50:57'),(42,2,3,2,0,NULL,NULL,'2016-12-21 09:57:55',NULL,1,'2016-12-21 09:57:55','2016-12-21 09:57:55'),(43,2,3,0,8,NULL,NULL,'2016-12-21 09:59:17',NULL,1,'2016-12-21 09:59:17','2016-12-21 09:59:17');
/*!40000 ALTER TABLE `user_tickets` ENABLE KEYS */;
UNLOCK TABLES;

--
-- Table structure for table `users`
--

DROP TABLE IF EXISTS `users`;
/*!40101 SET @saved_cs_client     = @@character_set_client */;
/*!40101 SET character_set_client = utf8 */;
CREATE TABLE `users` (
  `id` int(10) unsigned NOT NULL AUTO_INCREMENT,
  `name` varchar(255) COLLATE utf8_unicode_ci NOT NULL,
  `email` varchar(255) COLLATE utf8_unicode_ci NOT NULL,
  `password` varchar(60) COLLATE utf8_unicode_ci NOT NULL,
  `role` enum('user','admin') COLLATE utf8_unicode_ci NOT NULL DEFAULT 'user',
  `email_magazine_subscribed` tinyint(1) NOT NULL DEFAULT '0',
  `customer_profile_id` varchar(20) COLLATE utf8_unicode_ci DEFAULT NULL,
  `remember_token` varchar(100) COLLATE utf8_unicode_ci DEFAULT NULL,
  `valid` tinyint(1) NOT NULL DEFAULT '1',
  `created_at` datetime NOT NULL,
  `updated_at` datetime NOT NULL,
  PRIMARY KEY (`id`),
  UNIQUE KEY `users_email_unique` (`email`)
) ENGINE=InnoDB AUTO_INCREMENT=182 DEFAULT CHARSET=utf8 COLLATE=utf8_unicode_ci;
/*!40101 SET character_set_client = @saved_cs_client */;

--
-- Dumping data for table `users`
--

LOCK TABLES `users` WRITE;
/*!40000 ALTER TABLE `users` DISABLE KEYS */;
INSERT INTO `users` VALUES (1,'rey','rmmedillo@yahoo.com.ph','$2y$10$wfRBTZCaRF8.BohrMQF9.uTnRIJk9z.d7pMVUZLErGPVf.LVe55Ue','user',0,'1807665304','41293237',1,'0000-00-00 00:00:00','2016-12-07 06:15:26'),(2,'admin','mark@ipp.ph','$2y$10$5JxBRGBEu1FRlLgGW6.YQ.bLH2SCSkJ1YT9VyEH2iltIBeA0fuCZy','admin',0,'1500344790',NULL,1,'0000-00-00 00:00:00','2016-11-22 09:32:03'),(3,'Admin','admin@email.com','$2y$10$5JxBRGBEu1FRlLgGW6.YQ.bLH2SCSkJ1YT9VyEH2iltIBeA0fuCZy','admin',0,'41293237',NULL,1,'0000-00-00 00:00:00','2016-11-16 06:24:39'),(24,'rey','reyvie_xxx@yahoo.com','$2y$10$Xtk3neBnw9xrl/ImokB84.mtatxTBVXL015J6o9PTT9Ie9j4n/xxC','user',0,NULL,NULL,1,'2016-11-14 08:47:28','2016-11-14 08:47:28'),(25,'rey','rmmedillo@hotmail.com','$2y$10$w7C30dIHOBTi6FAl5yrtVu7IgPLeSnGSO8sly4qqFlXyQkDBy4enG','user',1,NULL,NULL,1,'2016-11-14 08:47:53','2016-11-22 09:32:25'),(26,'user1','user1@email.com','$2y$10$UVQqk60oOB0Y90YHGGRaoeAxO4l0WqI2qx522LE2U0BwRV6X08D42','user',1,NULL,NULL,1,'0000-00-00 00:00:00','2016-11-23 08:49:27'),(27,'user2','user2@email.com','$2y$10$BPt4gI3pF6yNru8H0rROjefAiGYWaC7/7CG6cqgCP0/zFEjsyjSpy','user',1,NULL,NULL,1,'0000-00-00 00:00:00','2016-11-23 08:49:48'),(28,'user3','user3@email.com','$2y$10$hjqIadhNBd6GvLZ/Rjm.geGTj7RiJejtormSiUtYFHJoByObGoV1O','user',0,NULL,NULL,1,'0000-00-00 00:00:00','0000-00-00 00:00:00'),(29,'user4','user4@email.com','$2y$10$49FL7Z434KUkJ2/G9xfZMeHCPQPfh7ncm4QJJU70ZVUOFx9FDaAK2','user',0,NULL,NULL,1,'0000-00-00 00:00:00','0000-00-00 00:00:00'),(30,'user5','user5@email.com','$2y$10$xblEEpDRpo./bp63n2ycxOmJgnPZ1GlA7zEunVu4/4yglYbJYKHGi','user',0,NULL,NULL,1,'0000-00-00 00:00:00','0000-00-00 00:00:00'),(31,'user6','user6@email.com','$2y$10$C34RYQtb/i5luevyCoAOJ.l.3.IqcQjWzILKxfq1ADkmowNXP1L8m','user',0,NULL,NULL,1,'0000-00-00 00:00:00','0000-00-00 00:00:00'),(32,'user7','user7@email.com','$2y$10$u9jjDwm.HGbni.Wzzn6O5OkaHuiXzWYvYmgA83r.zxVCbWwOD/qcK','user',0,NULL,NULL,1,'0000-00-00 00:00:00','0000-00-00 00:00:00'),(33,'user8','user8@email.com','$2y$10$zrfx/WsWVaz5WnKkWWWPyeS8M4/Ju7TdyN.F9wDzjtyM8KnNoOnqq','user',0,NULL,NULL,1,'0000-00-00 00:00:00','0000-00-00 00:00:00'),(34,'user9','user9@email.com','$2y$10$N3aHFTVhrzTOh2dTXwTeEO./tY8VzYMd82vbYnnT/DjPdSvMnepae','user',0,NULL,NULL,1,'0000-00-00 00:00:00','0000-00-00 00:00:00'),(35,'user88','user88@email.com','$2y$10$uw/iXyRjOWwC9W9aGuSV/uYHrlrNv3pwlg6jL3tojw8FoeLenVLcS','user',1,NULL,NULL,1,'0000-00-00 00:00:00','2016-11-22 09:32:43'),(36,'user11','user11@email.com','$2y$10$Z5xb2Xg19/43CowOREK6JOdU/7HGUgE7I7Gr4cxcsmWVXv/9.HOnS','user',0,NULL,NULL,1,'0000-00-00 00:00:00','0000-00-00 00:00:00'),(37,'user12','user12@email.com','$2y$10$IzG8XYwj6u6Lzu96bIXh7u1vi79Qnx8BSpsWIDasBwbKdR8F0/UTC','user',0,NULL,NULL,1,'0000-00-00 00:00:00','0000-00-00 00:00:00'),(38,'user13','user13@email.com','$2y$10$ROuakF08vOLe5VFXpK6pIey/ddaoXfmZfwPvZ3SZzTIAgg796bQ06','user',0,NULL,NULL,1,'0000-00-00 00:00:00','0000-00-00 00:00:00'),(39,'user14','user14@email.com','$2y$10$7kXj4fEBgSJ.QmeliGwfMOdZgm80wURxweARz0Px9O46iIlygkVGu','user',0,NULL,NULL,1,'0000-00-00 00:00:00','0000-00-00 00:00:00'),(40,'user15','user15@email.com','$2y$10$Di.eOy/LUnJJyx/KWttxmuxKP6xPTHIlhmYZ7Ty2RT9tx5MOm9As2','user',0,NULL,NULL,1,'0000-00-00 00:00:00','0000-00-00 00:00:00'),(41,'user16','user16@email.com','$2y$10$fygg6HDhM7J8IilNe5IqNOVUE6vJcshoGuwnup/nJps8JJdI4o9tO','user',0,NULL,NULL,1,'0000-00-00 00:00:00','0000-00-00 00:00:00'),(42,'user17','user17@email.com','$2y$10$cZ7Jp9k5AoPGHVeBKvIPnOcUiQxAno8kaRBU/RVbYC/wmgAR18tWS','user',0,NULL,NULL,1,'0000-00-00 00:00:00','0000-00-00 00:00:00'),(43,'user18','user18@email.com','$2y$10$JunOJWHTMUDZ5s7ltGBXd.7BPlsfgP2Kz/KVoXLzD36P4fzZ8HrSK','user',0,NULL,NULL,1,'0000-00-00 00:00:00','0000-00-00 00:00:00'),(44,'user19','user19@email.com','$2y$10$kMREnAdVwjl.M62FqvsDMuZs0uZ2g03wxRN34lKDbEEJheRHe83Da','user',0,NULL,NULL,1,'0000-00-00 00:00:00','0000-00-00 00:00:00'),(45,'user20','user20@email.com','$2y$10$mGkIepU6P7li8VPY/0ch0epGFcphs8eGrUM45iLIdgZJg/i/KiMHC','user',0,NULL,NULL,1,'0000-00-00 00:00:00','0000-00-00 00:00:00'),(46,'user21','user21@email.com','$2y$10$cMe43n.Xm/U/7n6QgiNrkeT7rR2dDM0Ty3Ou4dfwH0NnJdxHzGZ4W','user',0,NULL,NULL,1,'0000-00-00 00:00:00','0000-00-00 00:00:00'),(47,'user22','user22@email.com','$2y$10$0jP5tCFFrEaZpvh71q.jAulCnzOXhpDBvDuncDY0PhWvtG3m45Al6','user',0,NULL,NULL,1,'0000-00-00 00:00:00','0000-00-00 00:00:00'),(48,'user23','user23@email.com','$2y$10$i8RSNgXFADzfoU2mvghiK.5MyfSPz1.5Pl7il1lkzeD89XEqaFf9i','user',0,NULL,NULL,1,'0000-00-00 00:00:00','0000-00-00 00:00:00'),(49,'user24','user24@email.com','$2y$10$lq6IXYppMiGY7NocOT14XersDeoWbqOiBDPydEqLoyt/Vox9vDCOe','user',0,NULL,NULL,1,'0000-00-00 00:00:00','0000-00-00 00:00:00'),(50,'user25','user25@email.com','$2y$10$Nge96Vzcf3VGzUZQwsJtFuMwbQZMwg7tySsSEmLQE04kTEYhtUrvq','user',0,NULL,NULL,1,'0000-00-00 00:00:00','0000-00-00 00:00:00'),(51,'user26','user26@email.com','$2y$10$ENiSZTfKLpWDW3Yz2rdvxu1aZf95cuJYnNNh910bO4BjnPNOtpqIC','user',0,NULL,NULL,1,'0000-00-00 00:00:00','2016-11-16 08:02:51'),(52,'user72','user72@email.com','$2y$10$zBtXTyYjTe.Wsta0fZh9beukBHODLOSJapbCi/5Ow.Qmm.3jFciBq','user',0,NULL,NULL,1,'0000-00-00 00:00:00','2016-11-16 07:17:35'),(53,'user28','user28@email.com','$2y$10$w4jYSpcAzEMBvizI.BPx4OUdwJcZAd.6fnJgRs.AhNAyH0Y9q7fB6','user',0,NULL,NULL,1,'0000-00-00 00:00:00','0000-00-00 00:00:00'),(54,'user29','user29@email.com','$2y$10$iY7ghGu0lJnML4B02sABd.XT3Wnyv2QOwaGcBJWAuqpn9RloB3RyS','user',0,NULL,NULL,1,'0000-00-00 00:00:00','0000-00-00 00:00:00'),(55,'user30','user30@email.com','$2y$10$E9w4lwOsmxejHGoNrJV7U.hzY4Bf2Nwt3fV8bXnCGgGXY4gdFGZUm','user',0,NULL,NULL,1,'0000-00-00 00:00:00','0000-00-00 00:00:00'),(56,'user31','user31@email.com','$2y$10$g0X1i0k8/r4FaUS9BQSIv.0xDNvkYzHssPZUN9/s1mmBq8TZTX/f6','user',0,NULL,NULL,1,'0000-00-00 00:00:00','0000-00-00 00:00:00'),(57,'user32','user32@email.com','$2y$10$ahklyc5JFqIunt7MbR2u1eLrWl323SMeGcaAqeOEt7DVqaFSIDxSS','user',0,NULL,NULL,1,'0000-00-00 00:00:00','0000-00-00 00:00:00'),(58,'user33','user33@email.com','$2y$10$DTkwJdJPkGf12o4/mUscxuSG2bsHR7wHHMGEKOROxp8QqnUQmDzzG','user',0,NULL,NULL,1,'0000-00-00 00:00:00','0000-00-00 00:00:00'),(59,'user34','user34@email.com','$2y$10$JxOSz9NnuuyLMPjfiuqf6eNCiB7UnSdeZxTlmZUtWNK18kO3OkzHm','user',0,NULL,NULL,1,'0000-00-00 00:00:00','0000-00-00 00:00:00'),(60,'user35','user35@email.com','$2y$10$WxEDlvT2D2rHYVhjrhXCLelbbfAqFg9EBw2oEzsONnbma.aR54lRG','user',0,NULL,NULL,1,'0000-00-00 00:00:00','0000-00-00 00:00:00'),(61,'user36','user36@email.com','$2y$10$XQY2s694wtC/cbY3yQdtuOcN.obibdNrqoHoHySjzOKYoTHLk5gO2','user',0,NULL,NULL,1,'0000-00-00 00:00:00','0000-00-00 00:00:00'),(62,'user37','user37@email.com','$2y$10$.YMgIois5DfdBbhDYCWnA.HG0SoAlWWPqzN42Ve8nl0pcm1nTTr7S','user',0,NULL,NULL,1,'0000-00-00 00:00:00','0000-00-00 00:00:00'),(63,'user38','user38@email.com','$2y$10$pBImUitdiJ34Gulc8JUyzeYoSPeLYIl7MH0Vt0BzwRly71b5m28qu','user',0,NULL,NULL,1,'0000-00-00 00:00:00','0000-00-00 00:00:00'),(64,'user39','user39@email.com','$2y$10$NxpDPYxUrHrcW/YWAcj9zu2DNbWOudW5J9bTN1Ysp.1xuQYUGHGvG','user',0,NULL,NULL,1,'0000-00-00 00:00:00','0000-00-00 00:00:00'),(65,'user40','user40@email.com','$2y$10$dfzHb9SH5kUuF0dKSUZKqeG2x8Dw8ku/BtW53Z4x.UGlPrGaghmkW','user',0,NULL,NULL,1,'0000-00-00 00:00:00','0000-00-00 00:00:00'),(66,'user41','user41@email.com','$2y$10$YGRUGmHQ1ZQvHgBuRSIyx.76r8.IgXEwm/qRsY6pK12HBFOTix7ca','user',0,NULL,NULL,1,'0000-00-00 00:00:00','0000-00-00 00:00:00'),(67,'user42','user42@email.com','$2y$10$9bfURAlB7TTsGhPcLbPL/epUHD.J2caDYhAgiBgNddeYY4I9a4o5K','user',0,NULL,NULL,1,'0000-00-00 00:00:00','0000-00-00 00:00:00'),(68,'user43','user43@email.com','$2y$10$FlKhC8YUNCb.B.jS39vPguZSFRpfDlr29KwSJyV3pmwTE8pfYisMS','user',0,NULL,NULL,1,'0000-00-00 00:00:00','0000-00-00 00:00:00'),(69,'user44','user44@email.com','$2y$10$HAUl0jogG7dEqLrOK3WL9OJudBj25nTcL.DqPG1nge9nTCsRwTO1y','user',0,NULL,NULL,1,'0000-00-00 00:00:00','0000-00-00 00:00:00'),(70,'user45','user45@email.com','$2y$10$okzfjEfSC2qmKnrZB/m.nuI.Lo5CbuFG7lORoOwLRuve5IN/IDFJm','user',0,NULL,NULL,1,'0000-00-00 00:00:00','0000-00-00 00:00:00'),(71,'user46','user46@email.com','$2y$10$v2H2rdHDS8bJNukmouTje.PyT83Si/ekk4BSsk8/YTckPKN78XZ9C','user',0,NULL,NULL,1,'0000-00-00 00:00:00','0000-00-00 00:00:00'),(72,'user47','user47@email.com','$2y$10$RJ1o3lVdcGnJeHlVK8xVj.B0werDKu.X1gT2u9s7rnfwfAce5WmMO','user',0,NULL,NULL,1,'0000-00-00 00:00:00','0000-00-00 00:00:00'),(73,'user48','user48@email.com','$2y$10$nNZoQJmf0GcwIS48nGjIPelR2SF.I6ISQDhrQ6BsxRyx.26vD8mqO','user',0,NULL,NULL,1,'0000-00-00 00:00:00','0000-00-00 00:00:00'),(74,'user49','user49@email.com','$2y$10$9I0xXOx98mJpU7DbWPZIRe1xDsAdEEBZ1tiyMoA2/A5StH.joDhbu','user',0,NULL,NULL,1,'0000-00-00 00:00:00','0000-00-00 00:00:00'),(75,'user50','user50@email.com','$2y$10$hHPakobb5mp.MtzXkR3jTurRuri7lkyCYuV7HcQcO6EWclLPMvsa6','user',0,NULL,NULL,1,'0000-00-00 00:00:00','0000-00-00 00:00:00'),(76,'user51','user51@email.com','$2y$10$qFhD78ZFbl8wYz0KQLxAzeJREm3FVPRFrHp8V6JbM9WxZgP.tXwbO','user',0,NULL,NULL,1,'0000-00-00 00:00:00','0000-00-00 00:00:00'),(77,'user52','user52@email.com','$2y$10$NnpTHtgnZw13JCOt6aN.O.Gk/HyjCsPUefqgR7AwE.CRl.0YWfI82','user',0,NULL,NULL,1,'0000-00-00 00:00:00','0000-00-00 00:00:00'),(78,'user53','user53@email.com','$2y$10$aHnwoErrrWN7EJviW6JvKeezvTzEZPYyp3OeYOQhC3lAsp3iZun06','user',0,NULL,NULL,1,'0000-00-00 00:00:00','0000-00-00 00:00:00'),(79,'user54','user54@email.com','$2y$10$2o8qzVLaMaqbp0Gm2TUvbuVdpy/7hKX9gk26ojtjMpEy7DqeJWqvO','user',0,NULL,NULL,1,'0000-00-00 00:00:00','0000-00-00 00:00:00'),(80,'user55','user55@email.com','$2y$10$4mgznP1bwMXOhBfXJbgPCu1Dn0EQ.J4H52d44sFf6gnwCeXfMq7g2','user',0,NULL,NULL,1,'0000-00-00 00:00:00','0000-00-00 00:00:00'),(81,'user56','user56@email.com','$2y$10$CYWhmYTTiUci2KyMDxj5A.WkYjoK9A7LbasF4RWeqEPB/ngYfZAIS','user',0,NULL,NULL,1,'0000-00-00 00:00:00','0000-00-00 00:00:00'),(82,'user57','user57@email.com','$2y$10$r4TfjvaS7.EM55yJb41olOfRrauGzAgEmoQKqIBfZuCgODrtWdG4O','user',0,NULL,NULL,1,'0000-00-00 00:00:00','0000-00-00 00:00:00'),(83,'user58','user58@email.com','$2y$10$0q9OH5pXassGg3flqFTje.BS.SuZQQoL52y2k.ikNoL5gJJBE1lR6','user',0,NULL,NULL,1,'0000-00-00 00:00:00','0000-00-00 00:00:00'),(84,'user59','user59@email.com','$2y$10$FA0MU5j6evwvAfuyoz6us.94z62dUkWIdureiB2zHQBu1nBPwMaii','user',0,NULL,NULL,1,'0000-00-00 00:00:00','0000-00-00 00:00:00'),(85,'user60','user60@email.com','$2y$10$AVv2HigT/7LlfJKvsdV..eJ0cowQpZ3WutPVcU/nKbf7cji0nhsza','user',0,NULL,NULL,1,'0000-00-00 00:00:00','0000-00-00 00:00:00'),(86,'user61','user61@email.com','$2y$10$FEA7OetbycTJ..fN26Vk0eSd8em8uIAANBgPftdIvRHpSL.yizS4q','user',0,NULL,NULL,1,'0000-00-00 00:00:00','0000-00-00 00:00:00'),(87,'user62','user62@email.com','$2y$10$Qz90c1obWDR/hy2iYl.uau1Z2awYJlYQG67wBHpCCKAdQluOgwExe','user',0,NULL,NULL,1,'0000-00-00 00:00:00','0000-00-00 00:00:00'),(88,'user63','user63@email.com','$2y$10$XuuVYh2flffILRLf.ehAI.N7ped1/jIRYSISRwVRiUCtn/4rzfrUW','user',0,NULL,NULL,1,'0000-00-00 00:00:00','0000-00-00 00:00:00'),(89,'user64','user64@email.com','$2y$10$sY7qWkP8q37F1gbOINied.LM6mSFLxgsx57kLPcjraEeX/10Yo.Uu','user',0,NULL,NULL,1,'0000-00-00 00:00:00','0000-00-00 00:00:00'),(90,'user65','user65@email.com','$2y$10$hObW2vJiVw3TYOCxPxUQDOjg9VVC1UVMyDSLztwXoFulUvPjoFveO','user',0,NULL,NULL,1,'0000-00-00 00:00:00','0000-00-00 00:00:00'),(91,'user66','user66@email.com','$2y$10$Q7c4CrCbJU.vzlNcIOX3Suqv8yiPEJ1T/vy202nsD/mUJ0UliKHJ6','user',0,NULL,NULL,1,'0000-00-00 00:00:00','0000-00-00 00:00:00'),(92,'user67','user67@email.com','$2y$10$1v8rpJ7MB.153L1plHr..e9FnFeUqLXDdKvTbeQA8l88/PjEnpSNy','user',0,NULL,NULL,1,'0000-00-00 00:00:00','0000-00-00 00:00:00'),(93,'user68','user68@email.com','$2y$10$eyg.tHQ1Iwy76sIy0LsJeuCpaEI5e8T.3OJ9tA.j.j0mwAvVAXQZS','user',0,NULL,NULL,1,'0000-00-00 00:00:00','0000-00-00 00:00:00'),(94,'user69','user69@email.com','$2y$10$N7F5NSWJ.0XH190aG0N3G.6CorsZY50TXJs3xmYT2PUU86UVyGrHy','user',0,NULL,NULL,1,'0000-00-00 00:00:00','0000-00-00 00:00:00'),(95,'user70','user70@email.com','$2y$10$1ZvoWWtKGKSauWV./q1EO.yqtyioTmKsHXvFseK.ouOfXs8YUMK6a','user',0,NULL,NULL,1,'0000-00-00 00:00:00','0000-00-00 00:00:00'),(96,'user71','user71@email.com','$2y$10$fLzJ7bUTSaE4kUIzWqOkUeRCUNt0zR8p4UupeyOv3bQ55BOhcCaS2','user',0,NULL,NULL,1,'0000-00-00 00:00:00','0000-00-00 00:00:00'),(98,'user75','user75@email.com','$2y$10$QkgOjb9Zx.jO6qEuCdXu9OgqkUZvrgxWTUTwjMokWMdnPyVVpsal6','user',0,NULL,NULL,1,'0000-00-00 00:00:00','0000-00-00 00:00:00'),(99,'user76','user76@email.com','$2y$10$jmXCGjbxymTizxhXWk/cDOqXI.K.qHyIXBUDBQpjx7I4lUkxSEaEy','user',0,NULL,NULL,1,'0000-00-00 00:00:00','0000-00-00 00:00:00'),(100,'user77','user77@email.com','$2y$10$Rk.7IkGs2vn54WNgZdcFsOBs2nBfAhRmZjmGh1hX.tCBb09DfCXqG','user',0,NULL,NULL,1,'0000-00-00 00:00:00','0000-00-00 00:00:00'),(101,'user78','user78@email.com','$2y$10$R99CHlzrd2iNrulHDt2Pouqp1aJ/FVh/nzcvBoi1jKJ5OvmaNnete','user',0,NULL,NULL,1,'0000-00-00 00:00:00','0000-00-00 00:00:00'),(102,'user79','user79@email.com','$2y$10$yVhMYBCmQRTB3rkdZbY0F.s0c3ulDnx5UlTI4PP5KWoiYVSSsrKf6','user',0,NULL,NULL,1,'0000-00-00 00:00:00','0000-00-00 00:00:00'),(103,'user80','user80@email.com','$2y$10$MCNkb7Ca82L68gg0ljk0duE.bxaC7BBnBoFfskfYE9Ugk/y/c0oFK','user',0,NULL,NULL,1,'0000-00-00 00:00:00','0000-00-00 00:00:00'),(104,'user81','user81@email.com','$2y$10$bl.u9GxPbn3EDI14svYsIuVp8MiFQ2XWNc.Ssyj2czHmM1YGEFO8G','user',0,NULL,NULL,1,'0000-00-00 00:00:00','0000-00-00 00:00:00'),(105,'user82','user82@email.com','$2y$10$Sl2QHM0IlE1XKkhsgWtBWutLlSJyBD7wOcrGC5fsf1gUJR8hxaANK','user',0,NULL,NULL,1,'0000-00-00 00:00:00','0000-00-00 00:00:00'),(106,'user83','user83@email.com','$2y$10$CBsp/HjDosEgCOcAZkB4au2PSnUBSP46LKFro2Sv5/.nAWwyyw4oC','user',0,NULL,NULL,1,'0000-00-00 00:00:00','0000-00-00 00:00:00'),(107,'user84','user84@email.com','$2y$10$0QDFRLEdL1z2/vQx8saUy.MwAgGFPZDAMXwjVkQxtn3UteJAa00m6','user',0,NULL,NULL,1,'0000-00-00 00:00:00','0000-00-00 00:00:00'),(108,'user85','user85@email.com','$2y$10$qCMcKguFneArynFtYA6pk.fBS.vBuLjoPoVehWD8RMtNAh/p7o67q','user',0,NULL,NULL,1,'0000-00-00 00:00:00','0000-00-00 00:00:00'),(109,'user86','user86@email.com','$2y$10$6gT2ld4UpqdLBiWCSZgClO63oS1h/66CcuLYsQ7gmZVFlGSad5lnW','user',0,NULL,NULL,1,'0000-00-00 00:00:00','0000-00-00 00:00:00'),(110,'user87','user87@email.com','$2y$10$ow6nJv8dym37FFOF3P6c1OGUEhx.1sgG9EHJpEQFXfYbl.YW/RRcu','user',0,NULL,NULL,1,'0000-00-00 00:00:00','0000-00-00 00:00:00'),(112,'user105','user105@email.com','$2y$10$NxWoHXA3YkFhyqj6WN2yCO81ga3I18JSm2KuEsxRi2et0XYIsKgBy','user',0,NULL,NULL,1,'0000-00-00 00:00:00','0000-00-00 00:00:00'),(113,'user106','user106@email.com','$2y$10$B.iIR8kcCw02Gi9Llrq2suP6n76VYTl5/kWGhLe/KGYj6m/b9jIU2','user',0,NULL,NULL,1,'0000-00-00 00:00:00','0000-00-00 00:00:00'),(114,'user107','user107@email.com','$2y$10$s3UdIPParkeMhc8PJuPAs.FdFMgwhzrT9pI5f8euO7UhCcqnMnxkG','user',0,NULL,NULL,1,'0000-00-00 00:00:00','0000-00-00 00:00:00'),(115,'user108','user108@email.com','$2y$10$8HnPw2QISu3EdVCJnpn9M.HhXxTy4weDSjn0y9KVZAnoX5VEmVle6','user',0,NULL,NULL,1,'0000-00-00 00:00:00','0000-00-00 00:00:00'),(116,'user109','user109@email.com','$2y$10$4s5LhcHuxwylYjzvo/487.aA3uooqmQg3ebXcuORyezimbt.WETii','user',0,NULL,NULL,1,'0000-00-00 00:00:00','0000-00-00 00:00:00'),(117,'user110','user110@email.com','$2y$10$uCywA8NVead3.7zcpkYMaOi6plXUDOiQxc9fF3JnDK2Mj601xvZB.','user',0,NULL,NULL,1,'0000-00-00 00:00:00','0000-00-00 00:00:00'),(118,'user111','user111@email.com','$2y$10$6tfvOuqBnzPdoddPLgMGru9yhT4fMIUNBCfiVj5LJbmet8omKZxl.','user',0,NULL,NULL,1,'0000-00-00 00:00:00','0000-00-00 00:00:00'),(119,'user112','user112@email.com','$2y$10$grcu1/AYzoKSMg3E/m/sTuMV6kSh/.hUOaSkZvCxT3/GUwjdVQSCW','user',0,NULL,NULL,1,'0000-00-00 00:00:00','0000-00-00 00:00:00'),(120,'user113','user113@email.com','$2y$10$kz/xXSanG2oFhXZrNMe2qezrNESEhnvGF1EcwaFOwCLsB3FNXAHP.','user',0,NULL,NULL,1,'0000-00-00 00:00:00','0000-00-00 00:00:00'),(121,'user114','user114@email.com','$2y$10$OrilWgzYlqx.O4VHg17WpOB6pjLpBa0uDtaBcg7Mj75A9nReHkpz2','user',0,NULL,NULL,1,'0000-00-00 00:00:00','0000-00-00 00:00:00'),(122,'user115','user115@email.com','$2y$10$izb1HooKoZVd7PgpGZDkmeqbft3Bv3iq5klwVyktRdQRyt55EIvae','user',0,NULL,NULL,1,'0000-00-00 00:00:00','0000-00-00 00:00:00'),(123,'user116','user116@email.com','$2y$10$eymqfIkR4utgh48XqHI7r.KVrZcqolwTRaYeTQepTfhgc/fOldlm.','user',0,NULL,NULL,1,'0000-00-00 00:00:00','0000-00-00 00:00:00'),(124,'user117','user117@email.com','$2y$10$xk8g7q4AHxUdBRFTmSNUguBapEcnSPdb5BeDaS9iQVFRMswMLNDpC','user',0,NULL,NULL,1,'0000-00-00 00:00:00','0000-00-00 00:00:00'),(125,'user118','user118@email.com','$2y$10$k2V592SxDOrjSbVoEaGsU.B7vKI4MB9ALKi27LtEgEgsbQwhc4go.','user',0,NULL,NULL,1,'0000-00-00 00:00:00','0000-00-00 00:00:00'),(126,'user119','user119@email.com','$2y$10$nRVkSMzQ5X6XY636qKM3a.Bh8CJCUkKAgtbsulw8nDiul4F2oZNAK','user',0,NULL,NULL,1,'0000-00-00 00:00:00','0000-00-00 00:00:00'),(127,'user120','user120@email.com','$2y$10$D18MNhZpsLaR6KN6vSlMdeOWx9sxvcl59w6Azn/GgOJY78E/PxXNC','user',0,NULL,NULL,1,'0000-00-00 00:00:00','0000-00-00 00:00:00'),(128,'user121','user121@email.com','$2y$10$toiEirr03wtkKLIbCO8ec.ophA08Q4jXxFMES46e7TsfN4qe6EbxG','user',0,NULL,NULL,1,'0000-00-00 00:00:00','0000-00-00 00:00:00'),(129,'user122','user122@email.com','$2y$10$qUn3NSRRJfUdhUXm.jO9q.rVWo0vXKLSNpJwCm1YFngdi2Kb3wxo2','user',0,NULL,NULL,1,'0000-00-00 00:00:00','0000-00-00 00:00:00'),(130,'user123','user123@email.com','$2y$10$H4oXgSgP9dqBb9sKTelzcegsQC17.1wV3J/QKG4Se/.RtjP2cAmQm','user',0,NULL,NULL,1,'0000-00-00 00:00:00','0000-00-00 00:00:00'),(131,'user124','user124@email.com','$2y$10$T1kTjJP7DzEuxDIeLktceO4kcglJreg0HW3f3Y4aYjV4r4a0oJkZ.','user',0,NULL,NULL,1,'0000-00-00 00:00:00','0000-00-00 00:00:00'),(132,'user125','user125@email.com','$2y$10$C4i.E1W0sITvO.cKwWqSxukZhyFC0pUpZCgR025nfCHlmVkOFqQuS','user',0,NULL,NULL,1,'0000-00-00 00:00:00','0000-00-00 00:00:00'),(133,'user126','user126@email.com','$2y$10$y6XHqMmfrUiiy4algwQS.eS17WeVvGqxgI6ae7meCPp.2IIXjy/02','user',0,NULL,NULL,1,'0000-00-00 00:00:00','0000-00-00 00:00:00'),(134,'user127','user127@email.com','$2y$10$Jm6g6Wc/yQ14f/HkTa5vuecGw806H9lPUvHM1ykvFL8ESqfvkXx7a','user',0,NULL,NULL,1,'0000-00-00 00:00:00','0000-00-00 00:00:00'),(135,'user128','user128@email.com','$2y$10$18o4Wa9pRyGZHwfbekJqIO5/vCK0A6ZgPz7OznTHP.J5oCdPBqyrG','user',0,NULL,NULL,1,'0000-00-00 00:00:00','0000-00-00 00:00:00'),(136,'user129','user129@email.com','$2y$10$pnj.QBTcMeZ5fwMR8DbAM.y1xOj3JFCat.8qUyD1sFcgYzMBC4ss6','user',0,NULL,NULL,1,'0000-00-00 00:00:00','0000-00-00 00:00:00'),(137,'user130','user130@email.com','$2y$10$nNlghWjlcKBwkoE/lsyHaOc5jCDfM2.fEiEAXNUUssvXOWqWgfA5O','user',0,NULL,NULL,1,'0000-00-00 00:00:00','0000-00-00 00:00:00'),(138,'user131','user131@email.com','$2y$10$nSQlUI1thdo/MPs5e71XievKXzUflFsBJZI3noi5GN2jJePCh0rYu','user',0,NULL,NULL,1,'0000-00-00 00:00:00','0000-00-00 00:00:00'),(139,'user132','user132@email.com','$2y$10$Ikcu5eXoMjt0i3GDmrsqQOdHl4HQrqgEOBY3jI/atSHh2ChiRt4UK','user',0,NULL,NULL,1,'0000-00-00 00:00:00','0000-00-00 00:00:00'),(140,'user133','user133@email.com','$2y$10$0CCH7BCev/L33pJ8DLNHnuCFd0sGdaWkCIC797eQEHbvzufUgl6gq','user',0,NULL,NULL,1,'0000-00-00 00:00:00','0000-00-00 00:00:00'),(141,'user134','user134@email.com','$2y$10$MXOQqD3EIxJqCiTzg/uWtuSfOHAPhZdSN5OfuzyXstYQl8LUZSpqi','user',0,NULL,NULL,1,'0000-00-00 00:00:00','0000-00-00 00:00:00'),(142,'user135','user135@email.com','$2y$10$eg6TQrwnri5stpnmjW7dwusqf6w3/ZOLum1fwE7g6JW75KHXDhTSm','user',0,NULL,NULL,1,'0000-00-00 00:00:00','0000-00-00 00:00:00'),(143,'user136','user136@email.com','$2y$10$ms5S1slAjti96GZzvODS0OjPhtUzTqnsAApgc3dqbtFbzLW5/r84i','user',0,NULL,NULL,1,'0000-00-00 00:00:00','0000-00-00 00:00:00'),(144,'user137','user137@email.com','$2y$10$soLuPaWZmUJ3CXdI3Msk2.KwavSWqDta.zq6NXmrgX4rghralp5Z2','user',0,NULL,NULL,1,'0000-00-00 00:00:00','0000-00-00 00:00:00'),(145,'user138','user138@email.com','$2y$10$KisS1./8.jO6jSyMThYIT.qE.aGg/VCQp1/HUlexnzxeGc7OByfG6','user',0,NULL,NULL,1,'0000-00-00 00:00:00','0000-00-00 00:00:00'),(146,'user139','user139@email.com','$2y$10$VvhnLGehTP9AMl5mU5Y7a.w38sAmmMkyYp1cuAkCYFJuO1JTpVUze','user',0,NULL,NULL,1,'0000-00-00 00:00:00','0000-00-00 00:00:00'),(147,'user140','user140@email.com','$2y$10$fY1w0S.TwLX40wKq.BbxO.UZ0o.6SD9/5vwQt7i9EvBFnRXSWy38y','user',0,NULL,NULL,1,'0000-00-00 00:00:00','0000-00-00 00:00:00'),(148,'user141','user141@email.com','$2y$10$0yDgz5m9AoEEPMZjkgJbaeuwhKUsCno26JWwWf493Kd81FvFgi8UO','user',0,NULL,NULL,1,'0000-00-00 00:00:00','0000-00-00 00:00:00'),(149,'user142','user142@email.com','$2y$10$U2IJCMb3VFBBVOfHon9/hevDPb1acSPUd1quqUmz4Ou2XYJpjoFtK','user',0,NULL,NULL,1,'0000-00-00 00:00:00','0000-00-00 00:00:00'),(150,'user143','user143@email.com','$2y$10$wvQ8cHczqilgLCAKOZHWUODNpy3.sJnGkV9PY2D6tEIURAQAwY/zO','user',0,NULL,NULL,1,'0000-00-00 00:00:00','0000-00-00 00:00:00'),(151,'user144','user144@email.com','$2y$10$FqLww0i5IBTjcYhdAiZWAuU/Ew3aJ5dSQwcJfM3B9fE/FuV88fRf.','user',0,NULL,NULL,1,'0000-00-00 00:00:00','0000-00-00 00:00:00'),(152,'user145','user145@email.com','$2y$10$arbgu3rMkqKURDV5r7qVMu22cSRMwnqUOg5xnrnBY0/EW4QusSLjm','user',0,NULL,NULL,1,'0000-00-00 00:00:00','0000-00-00 00:00:00'),(153,'user146','user146@email.com','$2y$10$4/V3esFUHeCCTNuN7vsLre5I6IvARBBB0NfohhzFIWawUr6H7SF7O','user',0,NULL,NULL,1,'0000-00-00 00:00:00','0000-00-00 00:00:00'),(154,'user147','user147@email.com','$2y$10$PUrqgx5EuSlSoXoupfmamuDMe/ysNzabUQL/SZq2UvBtT.RRt9cOi','user',0,NULL,NULL,1,'0000-00-00 00:00:00','0000-00-00 00:00:00'),(155,'user148','user148@email.com','$2y$10$Nz.fFeIZPzEqbueBc4C4He/YJu1C6MXLTCoYR8hCoXkJzU7R86K0K','user',0,NULL,NULL,1,'0000-00-00 00:00:00','0000-00-00 00:00:00'),(156,'user149','user149@email.com','$2y$10$O8EyBoKRzGzfXms0Dt1mI.B7mDTymeoQCn2wMDim5z4jTIvDehQmi','user',0,NULL,NULL,1,'0000-00-00 00:00:00','0000-00-00 00:00:00'),(157,'user155','user155@email.com','$2y$10$tPFArm7yFIdXUqsVkqmB1OPWIHFUyt3snHDCUi4TgGoNJzC2I9lYG','user',0,NULL,NULL,1,'0000-00-00 00:00:00','0000-00-00 00:00:00'),(158,'user156','user156@email.com','$2y$10$t0IOuPa3tCBXhJvqnzoNrO29ChCcL.X12JK/.GTu4n4XE.qB5b8hu','user',0,NULL,NULL,1,'0000-00-00 00:00:00','0000-00-00 00:00:00'),(159,'user157','user157@email.com','$2y$10$HSD9yusrkkNTugnuhFpnLexFSm/BoY3wdiM3.0tHPOaJtUWriKFQ6','user',0,NULL,NULL,1,'0000-00-00 00:00:00','0000-00-00 00:00:00'),(160,'user158','user158@email.com','$2y$10$s12.8SYpw4wKeYh7PTHfsuPGyhgQR16X0ajj3zEfGdbomaWtaAR3G','user',0,NULL,NULL,1,'0000-00-00 00:00:00','0000-00-00 00:00:00'),(161,'user159','user159@email.com','$2y$10$mike7s1AvkBX.oxufKTYw.Yrq.2CmYRbrF6gEcEYzfO.48K9Aao4a','user',0,NULL,NULL,1,'0000-00-00 00:00:00','0000-00-00 00:00:00'),(162,'user160','user160@email.com','$2y$10$evUVslUtNulgKakGT1l4fuZ4p3Yt4hs5WVO.R3vlOO5pHcb2vsflm','user',0,NULL,NULL,1,'0000-00-00 00:00:00','0000-00-00 00:00:00'),(163,'user161','user161@email.com','$2y$10$YUOwtUIpiQ0D/DsW6J9dpuiFC4YJ6EvF8LJzU7hg.pa8ZoG1FwL5G','user',0,NULL,NULL,1,'0000-00-00 00:00:00','0000-00-00 00:00:00'),(164,'user162','user162@email.com','$2y$10$Sz.WdU.yPDJLEZYO2MpnReGpIhDe.mnkRc92sdFg9S9zhw62V.Iey','user',0,NULL,NULL,1,'0000-00-00 00:00:00','0000-00-00 00:00:00'),(165,'user163','user163@email.com','$2y$10$e8Aq9wEmUeGLm8fstWvEoeUsLJkmS2zdvOaS2KCru93mFjN2aAqum','user',0,NULL,NULL,1,'0000-00-00 00:00:00','0000-00-00 00:00:00'),(166,'user164','user164@email.com','$2y$10$Hme0QBuYadcMgN269uQlgOGcxfToxBKnx99CyidGH5AnJOCRHn3yS','user',0,NULL,NULL,1,'0000-00-00 00:00:00','0000-00-00 00:00:00'),(167,'user165','user165@email.com','$2y$10$zGtk/zZ735Ev7DpeGhLFlutZSBBGFhEAQCN0VNh/52mjeB/cdNMKG','user',0,NULL,NULL,1,'0000-00-00 00:00:00','0000-00-00 00:00:00'),(168,'user166','user166@email.com','$2y$10$tf.OANAaXpq6Fsi0gXCyMOrSc57fZav31HEBuDXamv3V4PDUxvToq','user',0,NULL,NULL,1,'0000-00-00 00:00:00','0000-00-00 00:00:00'),(169,'user167','user167@email.com','$2y$10$yyRymzgBL0SuLMZLsVK/2eP0lXu9mLtrXK2rTrwB.rwLshDE/OL0i','user',0,NULL,NULL,1,'0000-00-00 00:00:00','0000-00-00 00:00:00'),(170,'user168','user168@email.com','$2y$10$QKH2cnbwIJ5fBQfCt8OO.OynNaZHqSJHZgEE4c8AU6UVlAaiLcaye','user',0,NULL,NULL,1,'0000-00-00 00:00:00','0000-00-00 00:00:00'),(171,'user169','user169@email.com','$2y$10$8GvYlMPsYbEBIq/lCUbolO5R.e1UwlUgsa8YtxHNIoS84/FS/C0Z6','user',0,NULL,NULL,1,'0000-00-00 00:00:00','0000-00-00 00:00:00'),(172,'user170','user170@email.com','$2y$10$JVKZuAbSK7usCL/gvXyxYuC7xucTVT7Nnl8g5LxyrHFQr3sWmPj9m','user',0,NULL,NULL,1,'0000-00-00 00:00:00','0000-00-00 00:00:00'),(173,'user171','user171@email.com','$2y$10$rerKaZpW2jPUVf4IAQ6IpuSbEGp7RHR07.xmaEbA7C8BT26FPNAqy','user',0,NULL,NULL,1,'0000-00-00 00:00:00','0000-00-00 00:00:00'),(174,'user172','user172@email.com','$2y$10$QyNTha5Wogt7jqS2aDgUHuyrB.Q2v1ozA7Ebq4SaU/V8jZpSOnGzW','user',0,NULL,NULL,1,'0000-00-00 00:00:00','0000-00-00 00:00:00'),(175,'user173','user173@email.com','$2y$10$KlgnlMIhInoD.qUY5H9KfOfv.YO6bn0LT8cC2VsJ5BNHV.THHGi4m','user',0,NULL,NULL,1,'0000-00-00 00:00:00','0000-00-00 00:00:00'),(176,'user174','user174@email.com','$2y$10$zifWeIJSKqdrqY7U9IEGw.BVZwqnOYIMoRIrD3.8WO.homYQZzJGO','user',0,NULL,NULL,1,'0000-00-00 00:00:00','0000-00-00 00:00:00'),(177,'user175','user175@email.com','$2y$10$ByufTwmTJtBCYHPjaiAv/OUrzrOQkKMaSeK7PQFluWkKejAujToxa','user',0,NULL,NULL,1,'0000-00-00 00:00:00','0000-00-00 00:00:00'),(178,'user176','user176@email.com','$2y$10$4sqNTtNoVVcUNWru9nieDugC/bgJDWd90Wy/sIOihvYTyRAIK8vmS','user',0,NULL,NULL,1,'0000-00-00 00:00:00','0000-00-00 00:00:00'),(179,'user177','user177@email.com','$2y$10$ibMMFtRX5xyvMUPYLnmJDODAkYW9uGwXec7vu7Grx5W13hurzvLBC','user',0,NULL,NULL,1,'0000-00-00 00:00:00','0000-00-00 00:00:00'),(180,'user178','user178@email.com','$2y$10$hUZwniwx2uYMCl6z2oqZ8uhv1Qog./hDNB2HKSY.NBrq.O/cR3VBS','user',0,NULL,NULL,1,'0000-00-00 00:00:00','0000-00-00 00:00:00'),(181,'user179','user179@email.com','$2y$10$enqgFmsd1DWFaTCQiNUAh.m4cE5UU.vdQbLm8cIx7odhzUk4kp2tu','user',0,NULL,NULL,1,'0000-00-00 00:00:00','0000-00-00 00:00:00');
/*!40000 ALTER TABLE `users` ENABLE KEYS */;
UNLOCK TABLES;
/*!40103 SET TIME_ZONE=@OLD_TIME_ZONE */;

/*!40101 SET SQL_MODE=@OLD_SQL_MODE */;
/*!40014 SET FOREIGN_KEY_CHECKS=@OLD_FOREIGN_KEY_CHECKS */;
/*!40014 SET UNIQUE_CHECKS=@OLD_UNIQUE_CHECKS */;
/*!40101 SET CHARACTER_SET_CLIENT=@OLD_CHARACTER_SET_CLIENT */;
/*!40101 SET CHARACTER_SET_RESULTS=@OLD_CHARACTER_SET_RESULTS */;
/*!40101 SET COLLATION_CONNECTION=@OLD_COLLATION_CONNECTION */;
/*!40111 SET SQL_NOTES=@OLD_SQL_NOTES */;

-- Dump completed on 2017-01-09 17:02:13
